country,year,donated_amount,received_amount
Australia,1973,46285863.0,0.0
Australia,1974,26950877.0,0.0
Australia,1975,77691781.0,0.0
Australia,1976,27718070.0,0.0
Australia,1977,72648152.0,0.0
Australia,1978,47483698.0,0.0
Australia,1979,9763598.0,0.0
Australia,1980,23283790.0,54502260.0
Australia,1981,18425831.0,747648005.0
Australia,1982,10458375.0,2599450.0
Australia,1983,7388539.0,0.0
Australia,1984,3698286.0,0.0
Australia,1985,6929573.0,0.0
Australia,1986,25229662.0,0.0
Australia,1987,18309923.0,0.0
Australia,1988,1758350.0,0.0
Australia,1989,163270223.0,0.0
Australia,1990,93432068.0,0.0
Australia,1991,518306838.0,0.0
Australia,1992,57379649.0,193553716.0
Australia,1993,37557879.0,79262311.0
Australia,1994,62005978.0,321233163.0
Australia,1995,87263724.0,343759453.0
Australia,1996,80468022.0,0.0
Australia,1997,99085271.0,0.0
Australia,1998,60046657.0,133176980.0
Australia,1999,87775767.0,0.0
Australia,2000,115957719.0,0.0
Australia,2001,99427776.0,0.0
Australia,2002,45235182.0,696882923.0
Australia,2003,94571888.0,0.0
Australia,2004,17256770.0,0.0
Australia,2005,28927690.0,0.0
Australia,2006,27058214.0,0.0
Australia,2007,13864351.0,0.0
Australia,2008,18754564.0,0.0
Australia,2009,17680084.0,0.0
Australia,2010,32806019.0,0.0
Australia,2011,41545539.0,0.0
Australia,2012,55649016.0,0.0
Australia,2013,67265056.0,0.0
Austria,1973,0.0,0.0
Austria,1974,24126329.0,0.0
Austria,1975,0.0,0.0
Austria,1976,12981849.0,0.0
Austria,1977,2608725.0,0.0
Austria,1978,27058314.0,0.0
Austria,1979,2480539.0,0.0
Austria,1980,2720513.0,157632201.0
Austria,1981,53422527.0,163916.0
Austria,1982,272169.0,58590672.0
Austria,1983,17235616.0,0.0
Austria,1984,0.0,0.0
Austria,1985,87348212.0,0.0
Austria,1986,15801537.0,0.0
Austria,1987,77374.0,0.0
Austria,1988,400964.0,0.0
Austria,1989,18299145.0,0.0
Austria,1990,3458667.0,0.0
Austria,1991,43662774.0,0.0
Austria,1992,7690278.0,0.0
Austria,1993,8599286.0,132570772.0
Austria,1994,496076.0,0.0
Austria,1995,2349112.0,0.0
Austria,1996,31485810.0,56293.0
Austria,1997,18810672.0,0.0
Austria,1998,17433736.0,0.0
Austria,1999,27735866.0,0.0
Austria,2000,41623882.0,0.0
Austria,2001,64630850.0,171695803.0
Austria,2002,64136019.0,249428720.0
Austria,2003,57940744.0,0.0
Austria,2004,46228250.0,1508.0
Austria,2005,17870615.0,127534.0
Austria,2006,8003253.0,0.0
Austria,2007,11550522.0,0.0
Austria,2008,6949094.0,0.0
Austria,2009,7871776.0,0.0
Austria,2010,8224524.0,0.0
Austria,2011,5945013.0,0.0
Austria,2012,9369281.0,0.0
Austria,2013,7169039.0,0.0
Belgium,1973,39251336.0,0.0
Belgium,1974,43588598.0,0.0
Belgium,1975,38863307.0,0.0
Belgium,1976,36126619.0,0.0
Belgium,1977,35853879.0,0.0
Belgium,1978,32189217.0,0.0
Belgium,1979,30801519.0,0.0
Belgium,1980,0.0,147868500.0
Belgium,1981,61917902.0,36477733.0
Belgium,1982,0.0,0.0
Belgium,1983,46243316.0,0.0
Belgium,1984,0.0,0.0
Belgium,1985,4191839.0,0.0
Belgium,1986,0.0,0.0
Belgium,1987,0.0,0.0
Belgium,1988,0.0,0.0
Belgium,1989,183930257.0,0.0
Belgium,1990,187058124.0,0.0
Belgium,1991,0.0,0.0
Belgium,1992,470688315.0,0.0
Belgium,1993,75567601.0,0.0
Belgium,1994,26867841.0,0.0
Belgium,1995,45999593.0,0.0
Belgium,1996,25987887.0,0.0
Belgium,1997,35402467.0,0.0
Belgium,1998,25116690.0,0.0
Belgium,1999,30505209.0,0.0
Belgium,2000,32342289.0,0.0
Belgium,2001,31859079.0,0.0
Belgium,2002,63495593.0,0.0
Belgium,2003,58875247.0,0.0
Belgium,2004,52561101.0,0.0
Belgium,2005,48285276.0,0.0
Belgium,2006,58458568.0,0.0
Belgium,2007,33187081.0,0.0
Belgium,2008,53059381.0,0.0
Belgium,2009,42809116.0,0.0
Belgium,2010,41446751.0,0.0
Belgium,2011,47828984.0,0.0
Belgium,2012,35767940.0,0.0
Belgium,2013,68317348.0,0.0
Brazil,1973,0.0,312075045.0
Brazil,1974,0.0,306601048.0
Brazil,1975,0.0,100725686.0
Brazil,1976,0.0,83580485.0
Brazil,1977,0.0,501438883.0
Brazil,1978,0.0,151531351.0
Brazil,1979,0.0,167462062.0
Brazil,1980,0.0,397591374.0
Brazil,1981,0.0,1019510084.0
Brazil,1982,0.0,577695039.0
Brazil,1983,0.0,129429939.0
Brazil,1984,0.0,643593148.0
Brazil,1985,0.0,1150188786.0
Brazil,1986,0.0,398238987.0
Brazil,1987,0.0,688641987.0
Brazil,1988,0.0,319508348.0
Brazil,1989,0.0,470795753.0
Brazil,1990,0.0,546410160.0
Brazil,1991,0.0,1398521154.0
Brazil,1992,0.0,269771857.0
Brazil,1993,0.0,726672442.0
Brazil,1994,0.0,2807702721.0
Brazil,1995,0.0,2573830958.0
Brazil,1996,0.0,1902899155.0
Brazil,1997,0.0,2033092975.0
Brazil,1998,0.0,1758374210.0
Brazil,1999,0.0,1319316622.0
Brazil,2000,0.0,1106359401.0
Brazil,2001,0.0,1574635711.0
Brazil,2002,0.0,1545038937.0
Brazil,2003,0.0,779392718.0
Brazil,2004,0.0,646604536.0
Brazil,2005,0.0,723697976.0
Brazil,2006,0.0,473262403.0
Brazil,2007,50889.0,424596650.0
Brazil,2008,168870.0,575890217.0
Brazil,2009,0.0,783901399.0
Brazil,2010,914681.0,1059210583.0
Brazil,2011,0.0,1013210831.0
Brazil,2012,0.0,2443208137.0
Brazil,2013,0.0,703048320.0
Canada,1973,437928427.0,0.0
Canada,1974,68502158.0,0.0
Canada,1975,93027681.0,0.0
Canada,1976,116287322.0,0.0
Canada,1977,38957778.0,0.0
Canada,1978,100516271.0,0.0
Canada,1979,80241209.0,0.0
Canada,1980,139264006.0,531674896.0
Canada,1981,546970726.0,2540405789.0
Canada,1982,87937147.0,170174807.0
Canada,1983,148016945.0,0.0
Canada,1984,691336664.0,153022875.0
Canada,1985,146523445.0,0.0
Canada,1986,392105553.0,0.0
Canada,1987,331152346.0,0.0
Canada,1988,149433255.0,0.0
Canada,1989,95861356.0,1961661.0
Canada,1990,146349000.0,0.0
Canada,1991,79132048.0,0.0
Canada,1992,203523019.0,0.0
Canada,1993,129123101.0,83925439.0
Canada,1994,83435990.0,0.0
Canada,1995,140853583.0,0.0
Canada,1996,240599471.0,0.0
Canada,1997,114731583.0,0.0
Canada,1998,385748294.0,0.0
Canada,1999,434102951.0,0.0
Canada,2000,356912625.0,0.0
Canada,2001,349119993.0,0.0
Canada,2002,242075816.0,587432031.0
Canada,2003,154336187.0,0.0
Canada,2004,172189837.0,0.0
Canada,2005,66617166.0,0.0
Canada,2006,60308595.0,0.0
Canada,2007,62686742.0,0.0
Canada,2008,75865089.0,55468.0
Canada,2009,74116591.0,0.0
Canada,2010,66543586.0,0.0
Canada,2011,49798170.0,0.0
Canada,2012,59322273.0,0.0
Canada,2013,54784201.0,0.0
Chile,1973,0.0,88056078.0
Chile,1974,0.0,257689227.0
Chile,1975,0.0,365408442.0
Chile,1976,0.0,155551297.0
Chile,1977,0.0,2568149.0
Chile,1978,0.0,4418418.0
Chile,1979,0.0,49451759.0
Chile,1980,0.0,17218386.0
Chile,1981,0.0,24802202.0
Chile,1982,0.0,25718071.0
Chile,1983,0.0,33869655.0
Chile,1984,0.0,314012953.0
Chile,1985,0.0,624811340.0
Chile,1986,0.0,123522992.0
Chile,1987,0.0,62625327.0
Chile,1988,0.0,73331550.0
Chile,1989,0.0,152229260.0
Chile,1990,0.0,260281186.0
Chile,1991,0.0,575859750.0
Chile,1992,0.0,686092378.0
Chile,1993,0.0,246885634.0
Chile,1994,0.0,98616016.0
Chile,1995,0.0,326285394.0
Chile,1996,0.0,66195930.0
Chile,1997,0.0,180051006.0
Chile,1998,0.0,279286896.0
Chile,1999,0.0,312658747.0
Chile,2000,0.0,143596162.0
Chile,2001,0.0,290131143.0
Chile,2002,117867.0,118858994.0
Chile,2003,32051.0,74584206.0
Chile,2004,37923.0,86004680.0
Chile,2005,49967.0,73415885.0
Chile,2006,129055.0,53907751.0
Chile,2007,56833.0,114940960.0
Chile,2008,10280.0,275383474.0
Chile,2009,40764.0,136810686.0
Chile,2010,89609.0,120087929.0
Chile,2011,0.0,63814172.0
Chile,2012,0.0,72801720.0
Chile,2013,0.0,302293325.0
Colombia,1973,0.0,549944785.0
Colombia,1974,0.0,203545814.0
Colombia,1975,0.0,145779156.0
Colombia,1976,0.0,143082677.0
Colombia,1977,0.0,67799905.0
Colombia,1978,0.0,54438681.0
Colombia,1979,0.0,15388003.0
Colombia,1980,0.0,257368296.0
Colombia,1981,0.0,176100059.0
Colombia,1982,0.0,1228919949.0
Colombia,1983,0.0,110714529.0
Colombia,1984,0.0,204495135.0
Colombia,1985,0.0,835091486.0
Colombia,1986,0.0,310212012.0
Colombia,1987,0.0,74058995.0
Colombia,1988,0.0,234020126.0
Colombia,1989,0.0,200318505.0
Colombia,1990,0.0,539309295.0
Colombia,1991,0.0,484986642.0
Colombia,1992,0.0,492185858.0
Colombia,1993,0.0,648542403.0
Colombia,1994,0.0,303016912.0
Colombia,1995,0.0,586866583.0
Colombia,1996,0.0,1052281529.0
Colombia,1997,0.0,94226174.0
Colombia,1998,0.0,407763235.0
Colombia,1999,0.0,881928095.0
Colombia,2000,0.0,1899134643.0
Colombia,2001,0.0,585022135.0
Colombia,2002,0.0,835264836.0
Colombia,2003,0.0,1086177861.0
Colombia,2004,0.0,951773147.0
Colombia,2005,0.0,1056910201.0
Colombia,2006,0.0,1617817757.0
Colombia,2007,77466.0,800292991.0
Colombia,2008,6798.0,1190054198.0
Colombia,2009,0.0,1279008966.0
Colombia,2010,106531.0,1128442346.0
Colombia,2011,0.0,749156157.0
Colombia,2012,0.0,1009768225.0
Colombia,2013,0.0,1039328005.0
Cyprus,1973,0.0,9613414.0
Cyprus,1974,0.0,16432279.0
Cyprus,1975,0.0,5864941.0
Cyprus,1976,0.0,31022257.0
Cyprus,1977,0.0,20945184.0
Cyprus,1978,0.0,46647.0
Cyprus,1979,0.0,15837039.0
Cyprus,1980,0.0,87110643.0
Cyprus,1981,0.0,110234644.0
Cyprus,1982,0.0,31348629.0
Cyprus,1983,0.0,51405078.0
Cyprus,1984,0.0,79282641.0
Cyprus,1985,0.0,39214175.0
Cyprus,1986,0.0,56716357.0
Cyprus,1987,0.0,29088415.0
Cyprus,1988,0.0,60836704.0
Cyprus,1989,0.0,32612810.0
Cyprus,1990,0.0,11768247.0
Cyprus,1991,0.0,24108788.0
Cyprus,1992,0.0,29261936.0
Cyprus,1993,0.0,42046495.0
Cyprus,1994,0.0,46104382.0
Cyprus,1995,0.0,1233692.0
Cyprus,1996,0.0,17809922.0
Cyprus,1997,0.0,9602634.0
Cyprus,1998,0.0,563689.0
Cyprus,1999,0.0,19380977.0
Cyprus,2000,0.0,5189473.0
Cyprus,2001,0.0,26263860.0
Cyprus,2002,0.0,23150596.0
Cyprus,2003,0.0,9421124.0
Cyprus,2004,0.0,24632806.0
Cyprus,2005,5599.0,0.0
Cyprus,2006,0.0,0.0
Cyprus,2007,0.0,4469.0
Cyprus,2008,0.0,0.0
Cyprus,2009,0.0,0.0
Cyprus,2010,0.0,0.0
Cyprus,2011,0.0,0.0
Cyprus,2012,0.0,0.0
Cyprus,2013,0.0,0.0
Czech Republic,1973,0.0,0.0
Czech Republic,1974,0.0,0.0
Czech Republic,1975,0.0,0.0
Czech Republic,1976,0.0,0.0
Czech Republic,1977,0.0,0.0
Czech Republic,1978,0.0,0.0
Czech Republic,1979,0.0,0.0
Czech Republic,1980,0.0,0.0
Czech Republic,1981,0.0,0.0
Czech Republic,1982,0.0,0.0
Czech Republic,1983,0.0,0.0
Czech Republic,1984,0.0,0.0
Czech Republic,1985,0.0,0.0
Czech Republic,1986,0.0,0.0
Czech Republic,1987,0.0,0.0
Czech Republic,1988,0.0,0.0
Czech Republic,1989,0.0,0.0
Czech Republic,1990,0.0,549039.0
Czech Republic,1991,0.0,392264026.0
Czech Republic,1992,0.0,212986243.0
Czech Republic,1993,0.0,170159661.0
Czech Republic,1994,0.0,487593167.0
Czech Republic,1995,0.0,182015721.0
Czech Republic,1996,4724939.0,35124917.0
Czech Republic,1997,1151600.0,99553819.0
Czech Republic,1998,0.0,120505911.0
Czech Republic,1999,0.0,82522618.0
Czech Republic,2000,0.0,145892164.0
Czech Republic,2001,530941.0,65382378.0
Czech Republic,2002,156771.0,60471458.0
Czech Republic,2003,247942.0,45608312.0
Czech Republic,2004,0.0,41237106.0
Czech Republic,2005,119901.0,46801.0
Czech Republic,2006,918070.0,0.0
Czech Republic,2007,0.0,0.0
Czech Republic,2008,230219.0,0.0
Czech Republic,2009,397563.0,0.0
Czech Republic,2010,0.0,0.0
Czech Republic,2011,164099.0,0.0
Czech Republic,2012,165238.0,0.0
Czech Republic,2013,123152.0,0.0
Denmark,1973,0.0,0.0
Denmark,1974,56839286.0,0.0
Denmark,1975,10392556.0,0.0
Denmark,1976,28849377.0,0.0
Denmark,1977,112241594.0,0.0
Denmark,1978,2086036.0,0.0
Denmark,1979,35943903.0,0.0
Denmark,1980,96585940.0,104288895.0
Denmark,1981,215721283.0,0.0
Denmark,1982,122090821.0,0.0
Denmark,1983,84368125.0,0.0
Denmark,1984,131061636.0,62021691.0
Denmark,1985,154044569.0,0.0
Denmark,1986,110720962.0,0.0
Denmark,1987,149837777.0,0.0
Denmark,1988,119577810.0,0.0
Denmark,1989,133430275.0,0.0
Denmark,1990,58616306.0,0.0
Denmark,1991,80582842.0,0.0
Denmark,1992,40778102.0,0.0
Denmark,1993,67062860.0,0.0
Denmark,1994,110637370.0,0.0
Denmark,1995,73451287.0,0.0
Denmark,1996,244013860.0,0.0
Denmark,1997,79381953.0,0.0
Denmark,1998,15650457.0,0.0
Denmark,1999,75309242.0,0.0
Denmark,2000,37463179.0,0.0
Denmark,2001,77063923.0,0.0
Denmark,2002,91324907.0,0.0
Denmark,2003,57028037.0,0.0
Denmark,2004,25482007.0,0.0
Denmark,2005,125145775.0,0.0
Denmark,2006,10170167.0,0.0
Denmark,2007,21329239.0,0.0
Denmark,2008,16290834.0,0.0
Denmark,2009,6819444.0,0.0
Denmark,2010,21438651.0,0.0
Denmark,2011,33654018.0,0.0
Denmark,2012,14988225.0,0.0
Denmark,2013,4941770.0,0.0
Estonia,1973,0.0,0.0
Estonia,1974,0.0,0.0
Estonia,1975,0.0,0.0
Estonia,1976,0.0,0.0
Estonia,1977,0.0,0.0
Estonia,1978,0.0,0.0
Estonia,1979,0.0,0.0
Estonia,1980,0.0,0.0
Estonia,1981,0.0,0.0
Estonia,1982,0.0,0.0
Estonia,1983,0.0,0.0
Estonia,1984,0.0,0.0
Estonia,1985,0.0,0.0
Estonia,1986,0.0,0.0
Estonia,1987,0.0,0.0
Estonia,1988,0.0,0.0
Estonia,1989,0.0,0.0
Estonia,1990,0.0,0.0
Estonia,1991,0.0,990684.0
Estonia,1992,0.0,16023398.0
Estonia,1993,0.0,38337840.0
Estonia,1994,0.0,25652518.0
Estonia,1995,0.0,18418713.0
Estonia,1996,0.0,30942970.0
Estonia,1997,0.0,8307811.0
Estonia,1998,0.0,20250742.0
Estonia,1999,0.0,9201870.0
Estonia,2000,0.0,16010329.0
Estonia,2001,184731.0,24044423.0
Estonia,2002,94211.0,8104097.0
Estonia,2003,0.0,15925093.0
Estonia,2004,0.0,19139015.0
Estonia,2005,0.0,0.0
Estonia,2006,0.0,0.0
Estonia,2007,0.0,0.0
Estonia,2008,0.0,0.0
Estonia,2009,0.0,0.0
Estonia,2010,0.0,0.0
Estonia,2011,0.0,0.0
Estonia,2012,0.0,0.0
Estonia,2013,0.0,0.0
Finland,1973,0.0,0.0
Finland,1974,0.0,0.0
Finland,1975,0.0,0.0
Finland,1976,0.0,0.0
Finland,1977,0.0,0.0
Finland,1978,0.0,0.0
Finland,1979,0.0,0.0
Finland,1980,0.0,0.0
Finland,1981,0.0,0.0
Finland,1982,0.0,0.0
Finland,1983,3517060.0,70538468.0
Finland,1984,0.0,26553629.0
Finland,1985,0.0,0.0
Finland,1986,0.0,83529726.0
Finland,1987,1482877.0,0.0
Finland,1988,447649.0,0.0
Finland,1989,16608550.0,0.0
Finland,1990,4220992.0,0.0
Finland,1991,30659992.0,0.0
Finland,1992,69776266.0,0.0
Finland,1993,15643128.0,0.0
Finland,1994,30027227.0,0.0
Finland,1995,20700602.0,0.0
Finland,1996,20289146.0,0.0
Finland,1997,28181494.0,0.0
Finland,1998,10099793.0,0.0
Finland,1999,17111953.0,0.0
Finland,2000,23911436.0,0.0
Finland,2001,17586870.0,0.0
Finland,2002,35865984.0,0.0
Finland,2003,19462895.0,0.0
Finland,2004,23784055.0,0.0
Finland,2005,50908114.0,0.0
Finland,2006,25456746.0,73670.0
Finland,2007,19522990.0,0.0
Finland,2008,39238852.0,0.0
Finland,2009,64703548.0,0.0
Finland,2010,20238960.0,0.0
Finland,2011,34660814.0,0.0
Finland,2012,7911710.0,0.0
Finland,2013,13933712.0,0.0
France,1973,247189555.0,0.0
France,1974,367384662.0,0.0
France,1975,192416969.0,0.0
France,1976,183658423.0,0.0
France,1977,168900067.0,0.0
France,1978,97437457.0,0.0
France,1979,25058027.0,0.0
France,1980,360323267.0,116609845.0
France,1981,277458713.0,120922782.0
France,1982,446543740.0,0.0
France,1983,164059809.0,0.0
France,1984,367362828.0,0.0
France,1985,212486003.0,0.0
France,1986,296394154.0,0.0
France,1987,254311333.0,0.0
France,1988,274040470.0,0.0
France,1989,469783071.0,0.0
France,1990,586988135.0,0.0
France,1991,75995551.0,0.0
France,1992,220827059.0,0.0
France,1993,246959806.0,0.0
France,1994,242597753.0,0.0
France,1995,184288339.0,0.0
France,1996,310518112.0,0.0
France,1997,181377579.0,0.0
France,1998,218643543.0,0.0
France,1999,195502185.0,0.0
France,2000,526519855.0,0.0
France,2001,621418995.0,0.0
France,2002,534709591.0,0.0
France,2003,507020648.0,0.0
France,2004,596317633.0,0.0
France,2005,275332592.0,0.0
France,2006,464260209.0,0.0
France,2007,401771684.0,0.0
France,2008,246968178.0,8227.0
France,2009,443827383.0,0.0
France,2010,479271279.0,0.0
France,2011,385580197.0,0.0
France,2012,1857862442.0,0.0
France,2013,1247092339.0,0.0
Germany,1973,562232384.0,0.0
Germany,1974,698168091.0,0.0
Germany,1975,833859928.0,0.0
Germany,1976,639963734.0,0.0
Germany,1977,617148856.0,0.0
Germany,1978,410412482.0,0.0
Germany,1979,787807347.0,0.0
Germany,1980,654031054.0,0.0
Germany,1981,751727169.0,0.0
Germany,1982,853843929.0,0.0
Germany,1983,494657126.0,0.0
Germany,1984,950183614.0,0.0
Germany,1985,1590619838.0,0.0
Germany,1986,539033266.0,0.0
Germany,1987,788040730.0,0.0
Germany,1988,757183394.0,0.0
Germany,1989,3020847013.0,0.0
Germany,1990,3382157543.0,0.0
Germany,1991,323668836.0,0.0
Germany,1992,8552232648.0,0.0
Germany,1993,450749201.0,0.0
Germany,1994,380199578.0,0.0
Germany,1995,3308855279.0,0.0
Germany,1996,474378180.0,0.0
Germany,1997,782428714.0,0.0
Germany,1998,323280491.0,0.0
Germany,1999,530422355.0,0.0
Germany,2000,350983095.0,0.0
Germany,2001,891724108.0,0.0
Germany,2002,744664103.0,0.0
Germany,2003,717917759.0,0.0
Germany,2004,757859065.0,31462.0
Germany,2005,846945037.0,0.0
Germany,2006,664320505.0,0.0
Germany,2007,977570017.0,28702.0
Germany,2008,1168597647.0,0.0
Germany,2009,1270803240.0,0.0
Germany,2010,866568253.0,0.0
Germany,2011,1400378605.0,0.0
Germany,2012,1519377935.0,0.0
Germany,2013,1582596672.0,0.0
Greece,1973,0.0,0.0
Greece,1974,0.0,0.0
Greece,1975,0.0,0.0
Greece,1976,0.0,0.0
Greece,1977,0.0,0.0
Greece,1978,0.0,0.0
Greece,1979,0.0,0.0
Greece,1980,0.0,115371982.0
Greece,1981,0.0,26046686.0
Greece,1982,0.0,0.0
Greece,1983,0.0,0.0
Greece,1984,0.0,0.0
Greece,1985,0.0,36819257.0
Greece,1986,0.0,0.0
Greece,1987,0.0,0.0
Greece,1988,0.0,37727914.0
Greece,1989,0.0,0.0
Greece,1990,0.0,0.0
Greece,1991,0.0,303412067.0
Greece,1992,0.0,0.0
Greece,1993,0.0,0.0
Greece,1994,0.0,0.0
Greece,1995,0.0,0.0
Greece,1996,0.0,0.0
Greece,1997,0.0,0.0
Greece,1998,0.0,0.0
Greece,1999,0.0,0.0
Greece,2000,0.0,0.0
Greece,2001,0.0,0.0
Greece,2002,3051811.0,0.0
Greece,2003,9823209.0,0.0
Greece,2004,875060.0,0.0
Greece,2005,3084323.0,0.0
Greece,2006,2803352.0,0.0
Greece,2007,3082200.0,0.0
Greece,2008,2542149.0,0.0
Greece,2009,2070017.0,0.0
Greece,2010,2151692.0,0.0
Greece,2011,1740617.0,0.0
Greece,2012,1220624.0,0.0
Greece,2013,222131.0,0.0
Hungary,1973,0.0,0.0
Hungary,1974,0.0,0.0
Hungary,1975,0.0,0.0
Hungary,1976,0.0,0.0
Hungary,1977,0.0,0.0
Hungary,1978,0.0,0.0
Hungary,1979,0.0,0.0
Hungary,1980,0.0,0.0
Hungary,1981,0.0,0.0
Hungary,1982,0.0,0.0
Hungary,1983,0.0,0.0
Hungary,1984,0.0,0.0
Hungary,1985,0.0,31296368.0
Hungary,1986,0.0,0.0
Hungary,1987,0.0,0.0
Hungary,1988,0.0,0.0
Hungary,1989,0.0,1482250.0
Hungary,1990,0.0,315616677.0
Hungary,1991,0.0,624227866.0
Hungary,1992,0.0,179864578.0
Hungary,1993,0.0,322532354.0
Hungary,1994,0.0,393976481.0
Hungary,1995,0.0,330369147.0
Hungary,1996,0.0,349275403.0
Hungary,1997,0.0,53047029.0
Hungary,1998,0.0,27853171.0
Hungary,1999,0.0,26274654.0
Hungary,2000,0.0,29607289.0
Hungary,2001,0.0,71227382.0
Hungary,2002,0.0,46184177.0
Hungary,2003,0.0,68595560.0
Hungary,2004,0.0,53861240.0
Hungary,2005,254145.0,0.0
Hungary,2006,0.0,0.0
Hungary,2007,2747.0,21733.0
Hungary,2008,67660.0,0.0
Hungary,2009,0.0,0.0
Hungary,2010,0.0,14132.0
Hungary,2011,0.0,0.0
Hungary,2012,0.0,0.0
Hungary,2013,0.0,0.0
Iceland,1973,0.0,0.0
Iceland,1974,0.0,0.0
Iceland,1975,0.0,0.0
Iceland,1976,0.0,0.0
Iceland,1977,0.0,0.0
Iceland,1978,0.0,0.0
Iceland,1979,0.0,0.0
Iceland,1980,0.0,18060045.0
Iceland,1981,0.0,0.0
Iceland,1982,0.0,0.0
Iceland,1983,0.0,0.0
Iceland,1984,0.0,0.0
Iceland,1985,0.0,0.0
Iceland,1986,0.0,0.0
Iceland,1987,0.0,0.0
Iceland,1988,0.0,0.0
Iceland,1989,0.0,0.0
Iceland,1990,0.0,0.0
Iceland,1991,0.0,0.0
Iceland,1992,0.0,0.0
Iceland,1993,0.0,0.0
Iceland,1994,0.0,0.0
Iceland,1995,0.0,0.0
Iceland,1996,0.0,0.0
Iceland,1997,0.0,0.0
Iceland,1998,0.0,0.0
Iceland,1999,0.0,0.0
Iceland,2000,0.0,0.0
Iceland,2001,0.0,0.0
Iceland,2002,0.0,0.0
Iceland,2003,0.0,0.0
Iceland,2004,0.0,0.0
Iceland,2005,0.0,0.0
Iceland,2006,0.0,0.0
Iceland,2007,0.0,0.0
Iceland,2008,0.0,0.0
Iceland,2009,0.0,0.0
Iceland,2010,0.0,0.0
Iceland,2011,0.0,0.0
Iceland,2012,39083.0,0.0
Iceland,2013,133418.0,0.0
India,1973,0.0,2285256534.0
India,1974,0.0,3697747278.0
India,1975,0.0,3000656166.0
India,1976,0.0,2233586413.0
India,1977,0.0,3197135157.0
India,1978,0.0,2927325215.0
India,1979,0.0,1622748901.0
India,1980,0.0,2968245303.0
India,1981,0.0,3706661088.0
India,1982,0.0,2822105457.0
India,1983,0.0,2653699004.0
India,1984,0.0,4584531386.0
India,1985,0.0,1837835819.0
India,1986,0.0,3003947484.0
India,1987,0.0,4191375895.0
India,1988,0.0,3844238228.0
India,1989,0.0,3091093501.0
India,1990,0.0,2036236423.0
India,1991,0.0,3660869551.0
India,1992,0.0,5341953099.0
India,1993,0.0,1327287513.0
India,1994,0.0,4096778597.0
India,1995,0.0,2704173002.0
India,1996,0.0,4151165519.0
India,1997,0.0,4794906726.0
India,1998,0.0,2478951563.0
India,1999,0.0,1932216592.0
India,2000,0.0,1141656334.0
India,2001,0.0,2198367696.0
India,2002,0.0,2324315788.0
India,2003,0.0,2616814261.0
India,2004,0.0,2884182630.0
India,2005,0.0,3340560624.0
India,2006,0.0,4144135136.0
India,2007,0.0,5386224705.0
India,2008,0.0,5044559917.0
India,2009,0.0,3706828324.0
India,2010,0.0,3826639675.0
India,2011,0.0,3652445742.0
India,2012,0.0,4970365576.0
India,2013,0.0,4550646147.0
Ireland,1973,0.0,0.0
Ireland,1974,0.0,0.0
Ireland,1975,0.0,0.0
Ireland,1976,0.0,0.0
Ireland,1977,0.0,0.0
Ireland,1978,0.0,0.0
Ireland,1979,0.0,0.0
Ireland,1980,0.0,30268231.0
Ireland,1981,0.0,58605044.0
Ireland,1982,0.0,0.0
Ireland,1983,0.0,0.0
Ireland,1984,0.0,0.0
Ireland,1985,0.0,0.0
Ireland,1986,0.0,0.0
Ireland,1987,0.0,0.0
Ireland,1988,0.0,0.0
Ireland,1989,0.0,0.0
Ireland,1990,0.0,46238132.0
Ireland,1991,0.0,6065209.0
Ireland,1992,0.0,0.0
Ireland,1993,0.0,0.0
Ireland,1994,0.0,0.0
Ireland,1995,0.0,0.0
Ireland,1996,0.0,0.0
Ireland,1997,0.0,0.0
Ireland,1998,0.0,0.0
Ireland,1999,0.0,174812788.0
Ireland,2000,7976318.0,171345603.0
Ireland,2001,13231961.0,175063408.0
Ireland,2002,22971354.0,272240314.0
Ireland,2003,27083746.0,0.0
Ireland,2004,23980282.0,0.0
Ireland,2005,28639372.0,0.0
Ireland,2006,28942598.0,0.0
Ireland,2007,28202952.0,0.0
Ireland,2008,34965187.0,0.0
Ireland,2009,21707708.0,0.0
Ireland,2010,15971582.0,0.0
Ireland,2011,16164777.0,0.0
Ireland,2012,14021437.0,0.0
Ireland,2013,11285184.0,0.0
Italy,1973,166719069.0,0.0
Italy,1974,0.0,0.0
Italy,1975,0.0,0.0
Italy,1976,35601469.0,0.0
Italy,1977,0.0,0.0
Italy,1978,0.0,0.0
Italy,1979,0.0,0.0
Italy,1980,0.0,894504816.0
Italy,1981,0.0,3585196.0
Italy,1982,0.0,663971.0
Italy,1983,33513460.0,147595542.0
Italy,1984,225774377.0,551936148.0
Italy,1985,164182162.0,0.0
Italy,1986,48874532.0,0.0
Italy,1987,282071099.0,0.0
Italy,1988,116403581.0,0.0
Italy,1989,112626078.0,0.0
Italy,1990,136489843.0,0.0
Italy,1991,138712028.0,0.0
Italy,1992,170049742.0,0.0
Italy,1993,124373956.0,277419753.0
Italy,1994,25806540.0,524992994.0
Italy,1995,1397467126.0,0.0
Italy,1996,26143275.0,0.0
Italy,1997,11342151.0,0.0
Italy,1998,24433295.0,0.0
Italy,1999,23505452.0,0.0
Italy,2000,34877961.0,92408.0
Italy,2001,61884442.0,0.0
Italy,2002,31576918.0,0.0
Italy,2003,15582599.0,35589.0
Italy,2004,65385193.0,0.0
Italy,2005,69732388.0,0.0
Italy,2006,28923679.0,0.0
Italy,2007,33580751.0,0.0
Italy,2008,38676392.0,0.0
Italy,2009,53936210.0,0.0
Italy,2010,40421158.0,0.0
Italy,2011,49349085.0,0.0
Italy,2012,23960216.0,0.0
Italy,2013,23679747.0,0.0
Japan,1973,938965880.0,0.0
Japan,1974,2730202327.0,0.0
Japan,1975,1339039677.0,0.0
Japan,1976,762168614.0,0.0
Japan,1977,1479116934.0,0.0
Japan,1978,1429326640.0,0.0
Japan,1979,1014747194.0,0.0
Japan,1980,1826375443.0,264768921.0
Japan,1981,2935257275.0,446920760.0
Japan,1982,1471338041.0,0.0
Japan,1983,1760860027.0,0.0
Japan,1984,2565737016.0,166832089.0
Japan,1985,2525827880.0,269876498.0
Japan,1986,1341662477.0,130559708.0
Japan,1987,1770174669.0,525123264.0
Japan,1988,3320238368.0,0.0
Japan,1989,582793544.0,0.0
Japan,1990,2604458951.0,0.0
Japan,1991,4702296751.0,0.0
Japan,1992,2865776832.0,0.0
Japan,1993,2494054534.0,0.0
Japan,1994,2667081144.0,0.0
Japan,1995,2880751774.0,0.0
Japan,1996,3905453074.0,0.0
Japan,1997,10777668538.0,0.0
Japan,1998,4486462107.0,0.0
Japan,1999,8630152095.0,276896345.0
Japan,2000,1310812373.0,0.0
Japan,2001,1017504389.0,0.0
Japan,2002,2561928262.0,0.0
Japan,2003,2147321397.0,0.0
Japan,2004,2545515962.0,0.0
Japan,2005,2566817614.0,0.0
Japan,2006,2542330417.0,0.0
Japan,2007,3544215397.0,0.0
Japan,2008,4531094069.0,0.0
Japan,2009,2645297987.0,0.0
Japan,2010,3428196179.0,124673.0
Japan,2011,2635586602.0,0.0
Japan,2012,4256445621.0,0.0
Japan,2013,2641200097.0,0.0
Korea,1973,0.0,1363706959.0
Korea,1974,0.0,1455639048.0
Korea,1975,0.0,299226023.0
Korea,1976,0.0,938952566.0
Korea,1977,0.0,418471898.0
Korea,1978,0.0,801254989.0
Korea,1979,0.0,146708076.0
Korea,1980,0.0,2625763424.0
Korea,1981,0.0,1656173571.0
Korea,1982,0.0,216083049.0
Korea,1983,0.0,665624126.0
Korea,1984,0.0,891180603.0
Korea,1985,0.0,907605958.0
Korea,1986,0.0,119590826.0
Korea,1987,0.0,482793059.0
Korea,1988,0.0,438174916.0
Korea,1989,0.0,233488453.0
Korea,1990,0.0,1095572646.0
Korea,1991,0.0,39850875.0
Korea,1992,0.0,3337566.0
Korea,1993,0.0,3157283.0
Korea,1994,0.0,1076359694.0
Korea,1995,0.0,3947605.0
Korea,1996,0.0,369583888.0
Korea,1997,0.0,1019452888.0
Korea,1998,0.0,10793650.0
Korea,1999,0.0,5783774361.0
Korea,2000,0.0,444810035.0
Korea,2001,0.0,864874549.0
Korea,2002,0.0,657470006.0
Korea,2003,0.0,117959852.0
Korea,2004,0.0,142941011.0
Korea,2005,0.0,0.0
Korea,2006,331823583.0,0.0
Korea,2007,305841026.0,0.0
Korea,2008,57406444.0,0.0
Korea,2009,168844005.0,0.0
Korea,2010,9946450.0,0.0
Korea,2011,11082508.0,0.0
Korea,2012,16780372.0,0.0
Korea,2013,397323332.0,0.0
Kuwait,1973,0.0,325483.0
Kuwait,1974,0.0,0.0
Kuwait,1975,0.0,0.0
Kuwait,1976,206494798.0,0.0
Kuwait,1977,86642765.0,0.0
Kuwait,1978,103885863.0,0.0
Kuwait,1979,59307807.0,0.0
Kuwait,1980,23153412.0,0.0
Kuwait,1981,298564124.0,78425.0
Kuwait,1982,181627819.0,0.0
Kuwait,1983,154970641.0,0.0
Kuwait,1984,27051193.0,0.0
Kuwait,1985,0.0,524410.0
Kuwait,1986,84167688.0,0.0
Kuwait,1987,0.0,0.0
Kuwait,1988,43914563.0,30421288.0
Kuwait,1989,43493083.0,0.0
Kuwait,1990,0.0,1568.0
Kuwait,1991,0.0,10244282.0
Kuwait,1992,6635123.0,7406838194.0
Kuwait,1993,25461230.0,0.0
Kuwait,1994,0.0,6860796.0
Kuwait,1995,0.0,302540263.0
Kuwait,1996,21381183.0,612124.0
Kuwait,1997,0.0,530951.0
Kuwait,1998,1107033.0,733164.0
Kuwait,1999,0.0,868779.0
Kuwait,2000,0.0,959746.0
Kuwait,2001,1219994.0,4044688.0
Kuwait,2002,0.0,3038480.0
Kuwait,2003,0.0,819946.0
Kuwait,2004,0.0,2097489.0
Kuwait,2005,0.0,0.0
Kuwait,2006,0.0,0.0
Kuwait,2007,0.0,0.0
Kuwait,2008,0.0,0.0
Kuwait,2009,0.0,0.0
Kuwait,2010,0.0,0.0
Kuwait,2011,0.0,0.0
Kuwait,2012,0.0,0.0
Kuwait,2013,0.0,0.0
Latvia,1973,0.0,0.0
Latvia,1974,0.0,0.0
Latvia,1975,0.0,0.0
Latvia,1976,0.0,0.0
Latvia,1977,0.0,0.0
Latvia,1978,0.0,0.0
Latvia,1979,0.0,0.0
Latvia,1980,0.0,0.0
Latvia,1981,0.0,0.0
Latvia,1982,0.0,0.0
Latvia,1983,0.0,0.0
Latvia,1984,0.0,0.0
Latvia,1985,0.0,0.0
Latvia,1986,0.0,0.0
Latvia,1987,0.0,0.0
Latvia,1988,0.0,0.0
Latvia,1989,0.0,0.0
Latvia,1990,0.0,543060.0
Latvia,1991,0.0,398476.0
Latvia,1992,0.0,106443347.0
Latvia,1993,0.0,52648796.0
Latvia,1994,0.0,28380386.0
Latvia,1995,0.0,39008900.0
Latvia,1996,0.0,25044880.0
Latvia,1997,0.0,22485213.0
Latvia,1998,0.0,46078691.0
Latvia,1999,0.0,10570801.0
Latvia,2000,0.0,14205663.0
Latvia,2001,0.0,22714406.0
Latvia,2002,0.0,23562554.0
Latvia,2003,0.0,15787761.0
Latvia,2004,0.0,15622106.0
Latvia,2005,0.0,0.0
Latvia,2006,0.0,0.0
Latvia,2007,0.0,0.0
Latvia,2008,0.0,0.0
Latvia,2009,0.0,0.0
Latvia,2010,0.0,0.0
Latvia,2011,0.0,0.0
Latvia,2012,0.0,0.0
Latvia,2013,0.0,0.0
Liechtenstein,1973,0.0,0.0
Liechtenstein,1974,0.0,0.0
Liechtenstein,1975,0.0,0.0
Liechtenstein,1976,0.0,0.0
Liechtenstein,1977,0.0,0.0
Liechtenstein,1978,0.0,0.0
Liechtenstein,1979,0.0,0.0
Liechtenstein,1980,0.0,0.0
Liechtenstein,1981,199326.0,18264370.0
Liechtenstein,1982,734297.0,0.0
Liechtenstein,1983,63282.0,0.0
Liechtenstein,1984,0.0,0.0
Liechtenstein,1985,0.0,0.0
Liechtenstein,1986,0.0,0.0
Liechtenstein,1987,0.0,0.0
Liechtenstein,1988,0.0,0.0
Liechtenstein,1989,11161.0,0.0
Liechtenstein,1990,299897.0,0.0
Liechtenstein,1991,0.0,0.0
Liechtenstein,1992,0.0,0.0
Liechtenstein,1993,124845.0,0.0
Liechtenstein,1994,86232.0,0.0
Liechtenstein,1995,0.0,0.0
Liechtenstein,1996,141858.0,0.0
Liechtenstein,1997,104054.0,0.0
Liechtenstein,1998,98845.0,0.0
Liechtenstein,1999,0.0,0.0
Liechtenstein,2000,380208.0,0.0
Liechtenstein,2001,264468.0,0.0
Liechtenstein,2002,147592.0,10053.0
Liechtenstein,2003,544967.0,0.0
Liechtenstein,2004,216815.0,0.0
Liechtenstein,2005,494415.0,51947.0
Liechtenstein,2006,121077.0,0.0
Liechtenstein,2007,199170.0,0.0
Liechtenstein,2008,138191.0,66713.0
Liechtenstein,2009,0.0,0.0
Liechtenstein,2010,0.0,0.0
Liechtenstein,2011,0.0,0.0
Liechtenstein,2012,0.0,0.0
Liechtenstein,2013,0.0,0.0
Lithuania,1973,0.0,0.0
Lithuania,1974,0.0,0.0
Lithuania,1975,0.0,0.0
Lithuania,1976,0.0,0.0
Lithuania,1977,0.0,0.0
Lithuania,1978,0.0,0.0
Lithuania,1979,0.0,0.0
Lithuania,1980,0.0,0.0
Lithuania,1981,0.0,0.0
Lithuania,1982,0.0,0.0
Lithuania,1983,0.0,0.0
Lithuania,1984,0.0,0.0
Lithuania,1985,0.0,0.0
Lithuania,1986,0.0,0.0
Lithuania,1987,0.0,0.0
Lithuania,1988,0.0,0.0
Lithuania,1989,0.0,0.0
Lithuania,1990,0.0,0.0
Lithuania,1991,0.0,455029.0
Lithuania,1992,0.0,8257205.0
Lithuania,1993,0.0,73709134.0
Lithuania,1994,0.0,28739967.0
Lithuania,1995,0.0,83881095.0
Lithuania,1996,0.0,89026730.0
Lithuania,1997,0.0,20435390.0
Lithuania,1998,0.0,61227246.0
Lithuania,1999,0.0,12053667.0
Lithuania,2000,0.0,16836580.0
Lithuania,2001,0.0,30635613.0
Lithuania,2002,0.0,25362242.0
Lithuania,2003,0.0,33181470.0
Lithuania,2004,0.0,30341902.0
Lithuania,2005,0.0,0.0
Lithuania,2006,0.0,0.0
Lithuania,2007,0.0,0.0
Lithuania,2008,0.0,0.0
Lithuania,2009,0.0,0.0
Lithuania,2010,0.0,0.0
Lithuania,2011,0.0,0.0
Lithuania,2012,0.0,0.0
Lithuania,2013,0.0,0.0
Luxembourg,1973,0.0,0.0
Luxembourg,1974,0.0,0.0
Luxembourg,1975,0.0,0.0
Luxembourg,1976,0.0,0.0
Luxembourg,1977,0.0,0.0
Luxembourg,1978,0.0,0.0
Luxembourg,1979,0.0,0.0
Luxembourg,1980,0.0,0.0
Luxembourg,1981,0.0,0.0
Luxembourg,1982,0.0,0.0
Luxembourg,1983,0.0,0.0
Luxembourg,1984,0.0,0.0
Luxembourg,1985,0.0,0.0
Luxembourg,1986,0.0,0.0
Luxembourg,1987,0.0,0.0
Luxembourg,1988,0.0,0.0
Luxembourg,1989,0.0,0.0
Luxembourg,1990,0.0,0.0
Luxembourg,1991,0.0,0.0
Luxembourg,1992,0.0,0.0
Luxembourg,1993,0.0,415719806.0
Luxembourg,1994,0.0,0.0
Luxembourg,1995,0.0,0.0
Luxembourg,1996,0.0,0.0
Luxembourg,1997,0.0,0.0
Luxembourg,1998,0.0,0.0
Luxembourg,1999,0.0,0.0
Luxembourg,2000,0.0,0.0
Luxembourg,2001,4867259.0,0.0
Luxembourg,2002,9896164.0,139320026.0
Luxembourg,2003,830472.0,0.0
Luxembourg,2004,10034092.0,0.0
Luxembourg,2005,13121625.0,0.0
Luxembourg,2006,9045047.0,0.0
Luxembourg,2007,8883735.0,0.0
Luxembourg,2008,9669591.0,0.0
Luxembourg,2009,9324881.0,0.0
Luxembourg,2010,9812280.0,0.0
Luxembourg,2011,9920871.0,0.0
Luxembourg,2012,8502699.0,0.0
Luxembourg,2013,7645306.0,0.0
Monaco,1973,0.0,0.0
Monaco,1974,0.0,0.0
Monaco,1975,0.0,0.0
Monaco,1976,0.0,0.0
Monaco,1977,0.0,0.0
Monaco,1978,0.0,0.0
Monaco,1979,0.0,0.0
Monaco,1980,0.0,0.0
Monaco,1981,0.0,0.0
Monaco,1982,0.0,0.0
Monaco,1983,0.0,0.0
Monaco,1984,0.0,0.0
Monaco,1985,0.0,0.0
Monaco,1986,0.0,0.0
Monaco,1987,0.0,0.0
Monaco,1988,0.0,0.0
Monaco,1989,0.0,0.0
Monaco,1990,0.0,0.0
Monaco,1991,0.0,0.0
Monaco,1992,0.0,0.0
Monaco,1993,0.0,0.0
Monaco,1994,0.0,0.0
Monaco,1995,0.0,0.0
Monaco,1996,0.0,0.0
Monaco,1997,0.0,0.0
Monaco,1998,0.0,0.0
Monaco,1999,0.0,0.0
Monaco,2000,0.0,0.0
Monaco,2001,0.0,0.0
Monaco,2002,0.0,0.0
Monaco,2003,0.0,0.0
Monaco,2004,0.0,0.0
Monaco,2005,0.0,0.0
Monaco,2006,119315.0,0.0
Monaco,2007,264319.0,0.0
Monaco,2008,557753.0,0.0
Monaco,2009,0.0,0.0
Monaco,2010,0.0,0.0
Monaco,2011,0.0,0.0
Monaco,2012,0.0,0.0
Monaco,2013,0.0,0.0
Netherlands,1973,162750945.0,0.0
Netherlands,1974,323468392.0,0.0
Netherlands,1975,130708382.0,0.0
Netherlands,1976,426349160.0,0.0
Netherlands,1977,352515092.0,0.0
Netherlands,1978,231844808.0,0.0
Netherlands,1979,82256186.0,0.0
Netherlands,1980,352628199.0,0.0
Netherlands,1981,270695825.0,0.0
Netherlands,1982,163308875.0,0.0
Netherlands,1983,305883422.0,0.0
Netherlands,1984,192857428.0,0.0
Netherlands,1985,75285016.0,0.0
Netherlands,1986,379878579.0,0.0
Netherlands,1987,573020364.0,0.0
Netherlands,1988,277081548.0,0.0
Netherlands,1989,472821276.0,0.0
Netherlands,1990,207980200.0,0.0
Netherlands,1991,233871628.0,0.0
Netherlands,1992,269752132.0,0.0
Netherlands,1993,213700000.0,0.0
Netherlands,1994,269718206.0,0.0
Netherlands,1995,284400704.0,0.0
Netherlands,1996,328972856.0,0.0
Netherlands,1997,166669840.0,0.0
Netherlands,1998,127981057.0,0.0
Netherlands,1999,55292716.0,0.0
Netherlands,2000,106331706.0,0.0
Netherlands,2001,416890876.0,0.0
Netherlands,2002,452558367.0,0.0
Netherlands,2003,212985661.0,0.0
Netherlands,2004,91745692.0,0.0
Netherlands,2005,233003711.0,0.0
Netherlands,2006,98616009.0,0.0
Netherlands,2007,121033675.0,0.0
Netherlands,2008,69615673.0,0.0
Netherlands,2009,107803997.0,0.0
Netherlands,2010,55471821.0,0.0
Netherlands,2011,19530662.0,0.0
Netherlands,2012,11311438.0,0.0
Netherlands,2013,11055065.0,0.0
New Zealand,1973,0.0,0.0
New Zealand,1974,0.0,0.0
New Zealand,1975,0.0,0.0
New Zealand,1976,0.0,0.0
New Zealand,1977,0.0,0.0
New Zealand,1978,0.0,0.0
New Zealand,1979,0.0,0.0
New Zealand,1980,0.0,11703716.0
New Zealand,1981,752775.0,0.0
New Zealand,1982,572352.0,213884594.0
New Zealand,1983,216892.0,0.0
New Zealand,1984,0.0,0.0
New Zealand,1985,4831732.0,0.0
New Zealand,1986,0.0,0.0
New Zealand,1987,0.0,0.0
New Zealand,1988,0.0,0.0
New Zealand,1989,0.0,0.0
New Zealand,1990,0.0,0.0
New Zealand,1991,0.0,0.0
New Zealand,1992,0.0,0.0
New Zealand,1993,0.0,0.0
New Zealand,1994,0.0,0.0
New Zealand,1995,1551034.0,0.0
New Zealand,1996,0.0,0.0
New Zealand,1997,0.0,0.0
New Zealand,1998,0.0,0.0
New Zealand,1999,0.0,0.0
New Zealand,2000,0.0,0.0
New Zealand,2001,0.0,0.0
New Zealand,2002,3965321.0,0.0
New Zealand,2003,5429394.0,0.0
New Zealand,2004,5342910.0,0.0
New Zealand,2005,5156674.0,0.0
New Zealand,2006,4390620.0,0.0
New Zealand,2007,4179628.0,0.0
New Zealand,2008,4836516.0,0.0
New Zealand,2009,4720299.0,0.0
New Zealand,2010,3518946.0,0.0
New Zealand,2011,3623798.0,0.0
New Zealand,2012,1722664.0,0.0
New Zealand,2013,1938330.0,0.0
Norway,1973,35874848.0,0.0
Norway,1974,94887523.0,0.0
Norway,1975,64575343.0,0.0
Norway,1976,10419282.0,0.0
Norway,1977,60133610.0,0.0
Norway,1978,147255461.0,0.0
Norway,1979,140327273.0,0.0
Norway,1980,41738095.0,43725131.0
Norway,1981,51124921.0,130936843.0
Norway,1982,110623404.0,63586018.0
Norway,1983,0.0,0.0
Norway,1984,101664449.0,0.0
Norway,1985,85932533.0,0.0
Norway,1986,9848663.0,0.0
Norway,1987,244641035.0,0.0
Norway,1988,20840875.0,0.0
Norway,1989,51903997.0,0.0
Norway,1990,22442656.0,0.0
Norway,1991,58788041.0,0.0
Norway,1992,40117760.0,62668301.0
Norway,1993,72847215.0,67085688.0
Norway,1994,126824955.0,0.0
Norway,1995,73931976.0,0.0
Norway,1996,66497399.0,0.0
Norway,1997,71998190.0,0.0
Norway,1998,57457846.0,0.0
Norway,1999,92238378.0,0.0
Norway,2000,127714893.0,0.0
Norway,2001,209376138.0,0.0
Norway,2002,73856084.0,0.0
Norway,2003,38448603.0,0.0
Norway,2004,41531404.0,0.0
Norway,2005,83655835.0,0.0
Norway,2006,324841794.0,0.0
Norway,2007,116693404.0,0.0
Norway,2008,58648457.0,0.0
Norway,2009,237828698.0,0.0
Norway,2010,323665853.0,0.0
Norway,2011,268584661.0,0.0
Norway,2012,262015590.0,0.0
Norway,2013,295017276.0,0.0
Poland,1973,0.0,0.0
Poland,1974,0.0,0.0
Poland,1975,0.0,0.0
Poland,1976,0.0,0.0
Poland,1977,0.0,0.0
Poland,1978,0.0,0.0
Poland,1979,0.0,0.0
Poland,1980,0.0,75000451.0
Poland,1981,0.0,35410.0
Poland,1982,0.0,70326.0
Poland,1983,0.0,63282.0
Poland,1984,0.0,0.0
Poland,1985,0.0,1014259163.0
Poland,1986,0.0,7204596.0
Poland,1987,0.0,0.0
Poland,1988,0.0,11464751.0
Poland,1989,0.0,2608739881.0
Poland,1990,0.0,3069497876.0
Poland,1991,0.0,326279481.0
Poland,1992,0.0,9141850218.0
Poland,1993,0.0,367250867.0
Poland,1994,0.0,431842731.0
Poland,1995,0.0,3376022477.0
Poland,1996,0.0,359200576.0
Poland,1997,0.0,309290589.0
Poland,1998,0.0,338026840.0
Poland,1999,0.0,377114427.0
Poland,2000,0.0,632761107.0
Poland,2001,0.0,670468736.0
Poland,2002,0.0,479506516.0
Poland,2003,0.0,492707038.0
Poland,2004,0.0,428513747.0
Poland,2005,0.0,0.0
Poland,2006,0.0,0.0
Poland,2007,0.0,54102.0
Poland,2008,0.0,0.0
Poland,2009,0.0,0.0
Poland,2010,0.0,0.0
Poland,2011,0.0,0.0
Poland,2012,0.0,0.0
Poland,2013,403184.0,0.0
Portugal,1973,0.0,0.0
Portugal,1974,0.0,0.0
Portugal,1975,0.0,0.0
Portugal,1976,0.0,0.0
Portugal,1977,0.0,0.0
Portugal,1978,0.0,0.0
Portugal,1979,0.0,0.0
Portugal,1980,0.0,4136160.0
Portugal,1981,0.0,144765310.0
Portugal,1982,0.0,0.0
Portugal,1983,0.0,0.0
Portugal,1984,0.0,1826510.0
Portugal,1985,0.0,0.0
Portugal,1986,0.0,21863247.0
Portugal,1987,0.0,0.0
Portugal,1988,0.0,2538321.0
Portugal,1989,0.0,0.0
Portugal,1990,0.0,0.0
Portugal,1991,0.0,0.0
Portugal,1992,0.0,0.0
Portugal,1993,0.0,0.0
Portugal,1994,0.0,0.0
Portugal,1995,0.0,0.0
Portugal,1996,331133.0,0.0
Portugal,1997,344667.0,0.0
Portugal,1998,100751.0,0.0
Portugal,1999,2099809.0,0.0
Portugal,2000,2738129.0,0.0
Portugal,2001,4477740.0,0.0
Portugal,2002,7394633.0,0.0
Portugal,2003,1051124.0,0.0
Portugal,2004,2805269.0,0.0
Portugal,2005,2827761.0,0.0
Portugal,2006,2556983.0,0.0
Portugal,2007,4973178.0,0.0
Portugal,2008,2596175.0,113058.0
Portugal,2009,2079818.0,0.0
Portugal,2010,9121622.0,0.0
Portugal,2011,9036429.0,0.0
Portugal,2012,7736231.0,0.0
Portugal,2013,6629414.0,0.0
Qatar,1973,0.0,0.0
Qatar,1974,0.0,0.0
Qatar,1975,0.0,0.0
Qatar,1976,0.0,0.0
Qatar,1977,0.0,0.0
Qatar,1978,0.0,0.0
Qatar,1979,0.0,0.0
Qatar,1980,0.0,0.0
Qatar,1981,0.0,0.0
Qatar,1982,0.0,0.0
Qatar,1983,0.0,0.0
Qatar,1984,0.0,0.0
Qatar,1985,0.0,0.0
Qatar,1986,0.0,0.0
Qatar,1987,0.0,0.0
Qatar,1988,0.0,9137956.0
Qatar,1989,0.0,2949100.0
Qatar,1990,0.0,0.0
Qatar,1991,0.0,0.0
Qatar,1992,0.0,0.0
Qatar,1993,0.0,9564499.0
Qatar,1994,0.0,1252342.0
Qatar,1995,0.0,346430.0
Qatar,1996,0.0,836714.0
Qatar,1997,0.0,705173409.0
Qatar,1998,0.0,582329.0
Qatar,1999,0.0,491169.0
Qatar,2000,0.0,673904.0
Qatar,2001,0.0,771977.0
Qatar,2002,0.0,220245.0
Qatar,2003,0.0,324759.0
Qatar,2004,0.0,1458916.0
Qatar,2005,0.0,0.0
Qatar,2006,0.0,0.0
Qatar,2007,104519053.0,0.0
Qatar,2008,0.0,0.0
Qatar,2009,0.0,0.0
Qatar,2010,0.0,0.0
Qatar,2011,0.0,0.0
Qatar,2012,0.0,0.0
Qatar,2013,0.0,0.0
Romania,1973,0.0,0.0
Romania,1974,0.0,0.0
Romania,1975,0.0,0.0
Romania,1976,0.0,0.0
Romania,1977,0.0,0.0
Romania,1978,0.0,0.0
Romania,1979,0.0,0.0
Romania,1980,0.0,44381441.0
Romania,1981,0.0,262077414.0
Romania,1982,0.0,0.0
Romania,1983,0.0,0.0
Romania,1984,0.0,0.0
Romania,1985,0.0,0.0
Romania,1986,0.0,0.0
Romania,1987,0.0,0.0
Romania,1988,0.0,0.0
Romania,1989,0.0,5092048.0
Romania,1990,0.0,299897.0
Romania,1991,0.0,2904763.0
Romania,1992,0.0,174756620.0
Romania,1993,0.0,92433527.0
Romania,1994,0.0,47195859.0
Romania,1995,0.0,189810215.0
Romania,1996,0.0,240362515.0
Romania,1997,0.0,168028130.0
Romania,1998,0.0,339859562.0
Romania,1999,0.0,222375326.0
Romania,2000,0.0,223359836.0
Romania,2001,0.0,636869083.0
Romania,2002,0.0,277336395.0
Romania,2003,0.0,202807923.0
Romania,2004,0.0,198721214.0
Romania,2005,0.0,278521.0
Romania,2006,0.0,0.0
Romania,2007,0.0,97380.0
Romania,2008,0.0,12192.0
Romania,2009,0.0,0.0
Romania,2010,0.0,0.0
Romania,2011,0.0,0.0
Romania,2012,0.0,0.0
Romania,2013,0.0,0.0
Saudi Arabia,1973,0.0,65097.0
Saudi Arabia,1974,0.0,0.0
Saudi Arabia,1975,0.0,0.0
Saudi Arabia,1976,0.0,0.0
Saudi Arabia,1977,540365522.0,0.0
Saudi Arabia,1978,251262679.0,622892.0
Saudi Arabia,1979,0.0,12014220.0
Saudi Arabia,1980,112421249.0,120375527.0
Saudi Arabia,1981,131496682.0,409548081.0
Saudi Arabia,1982,0.0,197083911.0
Saudi Arabia,1983,79371799.0,206745775.0
Saudi Arabia,1984,346714096.0,59201063.0
Saudi Arabia,1985,128074768.0,35529584.0
Saudi Arabia,1986,35996220.0,36516861.0
Saudi Arabia,1987,72707674.0,0.0
Saudi Arabia,1988,0.0,42431775.0
Saudi Arabia,1989,0.0,0.0
Saudi Arabia,1990,0.0,0.0
Saudi Arabia,1991,0.0,89458009.0
Saudi Arabia,1992,0.0,148479604.0
Saudi Arabia,1993,0.0,0.0
Saudi Arabia,1994,0.0,5682814.0
Saudi Arabia,1995,0.0,7397882.0
Saudi Arabia,1996,0.0,2409008.0
Saudi Arabia,1997,0.0,2120366.0
Saudi Arabia,1998,0.0,1348961.0
Saudi Arabia,1999,0.0,2722986716.0
Saudi Arabia,2000,0.0,707503988.0
Saudi Arabia,2001,0.0,5047242.0
Saudi Arabia,2002,0.0,2651835.0
Saudi Arabia,2003,0.0,8735630.0
Saudi Arabia,2004,0.0,12603354.0
Saudi Arabia,2005,0.0,9206877.0
Saudi Arabia,2006,0.0,14209342.0
Saudi Arabia,2007,0.0,16462193.0
Saudi Arabia,2008,0.0,348667.0
Saudi Arabia,2009,0.0,327156.0
Saudi Arabia,2010,0.0,352548.0
Saudi Arabia,2011,0.0,282125.0
Saudi Arabia,2012,0.0,0.0
Saudi Arabia,2013,0.0,0.0
Slovak Republic,1973,0.0,0.0
Slovak Republic,1974,0.0,0.0
Slovak Republic,1975,0.0,0.0
Slovak Republic,1976,0.0,0.0
Slovak Republic,1977,0.0,0.0
Slovak Republic,1978,0.0,0.0
Slovak Republic,1979,0.0,0.0
Slovak Republic,1980,0.0,0.0
Slovak Republic,1981,0.0,0.0
Slovak Republic,1982,0.0,0.0
Slovak Republic,1983,0.0,0.0
Slovak Republic,1984,0.0,0.0
Slovak Republic,1985,0.0,0.0
Slovak Republic,1986,0.0,0.0
Slovak Republic,1987,0.0,0.0
Slovak Republic,1988,0.0,0.0
Slovak Republic,1989,0.0,0.0
Slovak Republic,1990,0.0,0.0
Slovak Republic,1991,0.0,0.0
Slovak Republic,1992,0.0,0.0
Slovak Republic,1993,0.0,9121048.0
Slovak Republic,1994,0.0,52553361.0
Slovak Republic,1995,0.0,75586685.0
Slovak Republic,1996,0.0,120767538.0
Slovak Republic,1997,0.0,219387257.0
Slovak Republic,1998,0.0,22763026.0
Slovak Republic,1999,0.0,132187615.0
Slovak Republic,2000,0.0,24767414.0
Slovak Republic,2001,0.0,52945385.0
Slovak Republic,2002,0.0,35860783.0
Slovak Republic,2003,0.0,41479968.0
Slovak Republic,2004,0.0,33775543.0
Slovak Republic,2005,326093.0,0.0
Slovak Republic,2006,0.0,0.0
Slovak Republic,2007,0.0,0.0
Slovak Republic,2008,0.0,0.0
Slovak Republic,2009,14202.0,0.0
Slovak Republic,2010,14132.0,0.0
Slovak Republic,2011,0.0,0.0
Slovak Republic,2012,0.0,0.0
Slovak Republic,2013,41147.0,0.0
Slovenia,1973,0.0,0.0
Slovenia,1974,0.0,0.0
Slovenia,1975,0.0,0.0
Slovenia,1976,0.0,0.0
Slovenia,1977,0.0,0.0
Slovenia,1978,0.0,0.0
Slovenia,1979,0.0,0.0
Slovenia,1980,0.0,0.0
Slovenia,1981,0.0,0.0
Slovenia,1982,0.0,0.0
Slovenia,1983,0.0,0.0
Slovenia,1984,0.0,0.0
Slovenia,1985,0.0,0.0
Slovenia,1986,0.0,0.0
Slovenia,1987,0.0,0.0
Slovenia,1988,0.0,0.0
Slovenia,1989,0.0,0.0
Slovenia,1990,0.0,0.0
Slovenia,1991,0.0,0.0
Slovenia,1992,0.0,10624910.0
Slovenia,1993,0.0,2609520.0
Slovenia,1994,0.0,12375582.0
Slovenia,1995,0.0,7405043.0
Slovenia,1996,0.0,90121406.0
Slovenia,1997,0.0,7858148.0
Slovenia,1998,0.0,8484412.0
Slovenia,1999,0.0,12831539.0
Slovenia,2000,0.0,32556545.0
Slovenia,2001,0.0,13913044.0
Slovenia,2002,0.0,7663650.0
Slovenia,2003,0.0,6291746.0
Slovenia,2004,0.0,12414136.0
Slovenia,2005,0.0,0.0
Slovenia,2006,0.0,74572.0
Slovenia,2007,0.0,105426.0
Slovenia,2008,0.0,105521.0
Slovenia,2009,0.0,0.0
Slovenia,2010,135720.0,0.0
Slovenia,2011,0.0,0.0
Slovenia,2012,0.0,0.0
Slovenia,2013,14308.0,0.0
South Africa,1973,0.0,0.0
South Africa,1974,0.0,0.0
South Africa,1975,0.0,0.0
South Africa,1976,0.0,0.0
South Africa,1977,0.0,0.0
South Africa,1978,0.0,0.0
South Africa,1979,0.0,0.0
South Africa,1980,0.0,0.0
South Africa,1981,0.0,0.0
South Africa,1982,0.0,0.0
South Africa,1983,0.0,0.0
South Africa,1984,0.0,0.0
South Africa,1985,0.0,0.0
South Africa,1986,0.0,0.0
South Africa,1987,0.0,105825534.0
South Africa,1988,0.0,110849.0
South Africa,1989,0.0,320399942.0
South Africa,1990,0.0,271828896.0
South Africa,1991,0.0,64650922.0
South Africa,1992,0.0,234490451.0
South Africa,1993,0.0,541955585.0
South Africa,1994,0.0,516230795.0
South Africa,1995,0.0,626257607.0
South Africa,1996,0.0,974078843.0
South Africa,1997,0.0,694290770.0
South Africa,1998,0.0,666789364.0
South Africa,1999,0.0,669943614.0
South Africa,2000,0.0,737221627.0
South Africa,2001,0.0,935444476.0
South Africa,2002,0.0,644990736.0
South Africa,2003,0.0,608581390.0
South Africa,2004,0.0,540700003.0
South Africa,2005,0.0,927379768.0
South Africa,2006,0.0,853103554.0
South Africa,2007,0.0,1070653291.0
South Africa,2008,0.0,1148281785.0
South Africa,2009,0.0,1281799284.0
South Africa,2010,0.0,971208512.0
South Africa,2011,0.0,943390545.0
South Africa,2012,0.0,955734671.0
South Africa,2013,0.0,1350212256.0
Spain,1973,0.0,0.0
Spain,1974,0.0,0.0
Spain,1975,0.0,0.0
Spain,1976,0.0,0.0
Spain,1977,0.0,0.0
Spain,1978,0.0,0.0
Spain,1979,0.0,0.0
Spain,1980,0.0,285026867.0
Spain,1981,0.0,199457361.0
Spain,1982,0.0,77227580.0
Spain,1983,0.0,0.0
Spain,1984,0.0,0.0
Spain,1985,0.0,0.0
Spain,1986,0.0,0.0
Spain,1987,0.0,0.0
Spain,1988,0.0,0.0
Spain,1989,100535177.0,0.0
Spain,1990,33912950.0,0.0
Spain,1991,134873730.0,0.0
Spain,1992,0.0,0.0
Spain,1993,36693281.0,0.0
Spain,1994,6797785.0,0.0
Spain,1995,24737384.0,0.0
Spain,1996,41887270.0,0.0
Spain,1997,61562728.0,0.0
Spain,1998,56295291.0,0.0
Spain,1999,79380361.0,0.0
Spain,2000,59684269.0,0.0
Spain,2001,71240556.0,0.0
Spain,2002,76217540.0,0.0
Spain,2003,134313618.0,0.0
Spain,2004,62843645.0,0.0
Spain,2005,81547019.0,0.0
Spain,2006,102707597.0,0.0
Spain,2007,118856065.0,0.0
Spain,2008,152422527.0,0.0
Spain,2009,238613474.0,0.0
Spain,2010,128037041.0,0.0
Spain,2011,100140152.0,0.0
Spain,2012,55560499.0,0.0
Spain,2013,55835945.0,0.0
Sweden,1973,168369255.0,0.0
Sweden,1974,30299330.0,0.0
Sweden,1975,201059589.0,0.0
Sweden,1976,151806434.0,0.0
Sweden,1977,143468255.0,0.0
Sweden,1978,472112462.0,0.0
Sweden,1979,253701905.0,0.0
Sweden,1980,10679246.0,35282669.0
Sweden,1981,151539023.0,24474486.0
Sweden,1982,147903816.0,0.0
Sweden,1983,136226862.0,0.0
Sweden,1984,133481767.0,0.0
Sweden,1985,123903610.0,0.0
Sweden,1986,198445181.0,0.0
Sweden,1987,72374249.0,0.0
Sweden,1988,185535976.0,0.0
Sweden,1989,946284591.0,0.0
Sweden,1990,400387605.0,0.0
Sweden,1991,173278658.0,0.0
Sweden,1992,272478628.0,0.0
Sweden,1993,117438835.0,0.0
Sweden,1994,171450490.0,0.0
Sweden,1995,233739645.0,0.0
Sweden,1996,142391886.0,0.0
Sweden,1997,126686840.0,0.0
Sweden,1998,117646650.0,0.0
Sweden,1999,121378837.0,0.0
Sweden,2000,68464897.0,0.0
Sweden,2001,95729319.0,0.0
Sweden,2002,48750953.0,0.0
Sweden,2003,109071656.0,0.0
Sweden,2004,58723484.0,0.0
Sweden,2005,89823816.0,0.0
Sweden,2006,48832575.0,0.0
Sweden,2007,45890520.0,0.0
Sweden,2008,40720968.0,0.0
Sweden,2009,76554392.0,0.0
Sweden,2010,94790240.0,0.0
Sweden,2011,57386226.0,0.0
Sweden,2012,42966784.0,0.0
Sweden,2013,82270421.0,0.0
Switzerland,1973,14060941.0,0.0
Switzerland,1974,64549529.0,0.0
Switzerland,1975,103204755.0,0.0
Switzerland,1976,43577287.0,0.0
Switzerland,1977,111194695.0,0.0
Switzerland,1978,35883359.0,0.0
Switzerland,1979,67821487.0,0.0
Switzerland,1980,10028652.0,0.0
Switzerland,1981,18045799.0,0.0
Switzerland,1982,63684924.0,0.0
Switzerland,1983,190427090.0,0.0
Switzerland,1984,116248354.0,0.0
Switzerland,1985,52165585.0,0.0
Switzerland,1986,35598036.0,0.0
Switzerland,1987,87982342.0,0.0
Switzerland,1988,32738889.0,0.0
Switzerland,1989,75386666.0,0.0
Switzerland,1990,123834846.0,0.0
Switzerland,1991,157754122.0,0.0
Switzerland,1992,31332667.0,0.0
Switzerland,1993,43709522.0,0.0
Switzerland,1994,40395940.0,0.0
Switzerland,1995,37875588.0,0.0
Switzerland,1996,63515858.0,0.0
Switzerland,1997,101719058.0,0.0
Switzerland,1998,70204297.0,0.0
Switzerland,1999,104482040.0,0.0
Switzerland,2000,129146680.0,184816.0
Switzerland,2001,93682742.0,0.0
Switzerland,2002,127936461.0,24996.0
Switzerland,2003,65840038.0,19468.0
Switzerland,2004,61749696.0,0.0
Switzerland,2005,70896849.0,97503.0
Switzerland,2006,43757262.0,0.0
Switzerland,2007,51309531.0,0.0
Switzerland,2008,39324550.0,0.0
Switzerland,2009,53471939.0,0.0
Switzerland,2010,53676771.0,0.0
Switzerland,2011,39344798.0,0.0
Switzerland,2012,41783411.0,0.0
Switzerland,2013,74744897.0,0.0
Taiwan,1973,0.0,0.0
Taiwan,1974,0.0,115048.0
Taiwan,1975,0.0,0.0
Taiwan,1976,0.0,0.0
Taiwan,1977,0.0,163198.0
Taiwan,1978,0.0,0.0
Taiwan,1979,0.0,0.0
Taiwan,1980,0.0,374058844.0
Taiwan,1981,0.0,312886996.0
Taiwan,1982,0.0,617069786.0
Taiwan,1983,0.0,54105626.0
Taiwan,1984,0.0,247894043.0
Taiwan,1985,0.0,28782961.0
Taiwan,1986,0.0,21795291.0
Taiwan,1987,0.0,14965414.0
Taiwan,1988,0.0,29459009.0
Taiwan,1989,0.0,75026666.0
Taiwan,1990,0.0,0.0
Taiwan,1991,0.0,5446049.0
Taiwan,1992,0.0,0.0
Taiwan,1993,0.0,0.0
Taiwan,1994,45628882.0,2655902.0
Taiwan,1995,0.0,2561779.0
Taiwan,1996,0.0,9333721.0
Taiwan,1997,0.0,2454079.0
Taiwan,1998,0.0,876129.0
Taiwan,1999,30163151.0,603873086.0
Taiwan,2000,0.0,779075653.0
Taiwan,2001,0.0,13689330.0
Taiwan,2002,0.0,170259619.0
Taiwan,2003,0.0,15103689.0
Taiwan,2004,0.0,17888290.0
Taiwan,2005,0.0,0.0
Taiwan,2006,6324571.0,0.0
Taiwan,2007,375139.0,0.0
Taiwan,2008,348667.0,0.0
Taiwan,2009,327156.0,14202.0
Taiwan,2010,287807.0,0.0
Taiwan,2011,282125.0,0.0
Taiwan,2012,0.0,0.0
Taiwan,2013,0.0,0.0
Thailand,1973,0.0,206363405.0
Thailand,1974,0.0,867668418.0
Thailand,1975,0.0,333639956.0
Thailand,1976,0.0,110042103.0
Thailand,1977,0.0,715883953.0
Thailand,1978,0.0,859278853.0
Thailand,1979,0.0,1283439829.0
Thailand,1980,0.0,902852253.0
Thailand,1981,0.0,1178204797.0
Thailand,1982,0.0,1595007194.0
Thailand,1983,0.0,1165432587.0
Thailand,1984,0.0,1135099078.0
Thailand,1985,0.0,1151123605.0
Thailand,1986,0.0,762121484.0
Thailand,1987,0.0,1016033769.0
Thailand,1988,0.0,1297612686.0
Thailand,1989,0.0,626032718.0
Thailand,1990,0.0,1790643316.0
Thailand,1991,0.0,1898189675.0
Thailand,1992,0.0,1014335727.0
Thailand,1993,0.0,3338548445.0
Thailand,1994,0.0,1416098158.0
Thailand,1995,0.0,792655526.0
Thailand,1996,0.0,1671334558.0
Thailand,1997,0.0,6371021429.0
Thailand,1998,0.0,2437534353.0
Thailand,1999,0.0,3761639876.0
Thailand,2000,0.0,1792837766.0
Thailand,2001,0.0,532323112.0
Thailand,2002,0.0,1205361664.0
Thailand,2003,0.0,289796785.0
Thailand,2004,0.0,722232350.0
Thailand,2005,0.0,750726362.0
Thailand,2006,0.0,475487975.0
Thailand,2007,4469.0,246621101.0
Thailand,2008,0.0,938244893.0
Thailand,2009,0.0,1038513059.0
Thailand,2010,20992.0,560953853.0
Thailand,2011,0.0,196842375.0
Thailand,2012,0.0,333622409.0
Thailand,2013,0.0,259915985.0
United Arab Emirates,1973,0.0,65097.0
United Arab Emirates,1974,0.0,0.0
United Arab Emirates,1975,0.0,0.0
United Arab Emirates,1976,64911546.0,0.0
United Arab Emirates,1977,0.0,3599299.0
United Arab Emirates,1978,0.0,0.0
United Arab Emirates,1979,0.0,0.0
United Arab Emirates,1980,0.0,174742.0
United Arab Emirates,1981,0.0,1813286.0
United Arab Emirates,1982,0.0,936588.0
United Arab Emirates,1983,0.0,598545.0
United Arab Emirates,1984,0.0,505928.0
United Arab Emirates,1985,0.0,136260119.0
United Arab Emirates,1986,0.0,0.0
United Arab Emirates,1987,0.0,131760270.0
United Arab Emirates,1988,0.0,0.0
United Arab Emirates,1989,0.0,0.0
United Arab Emirates,1990,0.0,0.0
United Arab Emirates,1991,0.0,0.0
United Arab Emirates,1992,0.0,0.0
United Arab Emirates,1993,0.0,0.0
United Arab Emirates,1994,0.0,9485289.0
United Arab Emirates,1995,0.0,1579978.0
United Arab Emirates,1996,0.0,1038083.0
United Arab Emirates,1997,0.0,1002901.0
United Arab Emirates,1998,0.0,461121.0
United Arab Emirates,1999,0.0,595520.0
United Arab Emirates,2000,0.0,628944.0
United Arab Emirates,2001,0.0,2140111.0
United Arab Emirates,2002,0.0,1783343.0
United Arab Emirates,2003,0.0,2325618.0
United Arab Emirates,2004,0.0,3451690.0
United Arab Emirates,2005,0.0,0.0
United Arab Emirates,2006,0.0,0.0
United Arab Emirates,2007,0.0,0.0
United Arab Emirates,2008,0.0,0.0
United Arab Emirates,2009,0.0,0.0
United Arab Emirates,2010,1109303.0,0.0
United Arab Emirates,2011,590706.0,0.0
United Arab Emirates,2012,1025431.0,0.0
United Arab Emirates,2013,0.0,0.0
United Kingdom,1973,442579189.0,0.0
United Kingdom,1974,1405378815.0,0.0
United Kingdom,1975,222187891.0,0.0
United Kingdom,1976,51613566.0,0.0
United Kingdom,1977,860011341.0,0.0
United Kingdom,1978,971709388.0,0.0
United Kingdom,1979,5012313.0,0.0
United Kingdom,1980,567311470.0,399202551.0
United Kingdom,1981,7198102.0,558141413.0
United Kingdom,1982,775334730.0,0.0
United Kingdom,1983,571679920.0,0.0
United Kingdom,1984,753538727.0,0.0
United Kingdom,1985,1255318.0,0.0
United Kingdom,1986,227395004.0,0.0
United Kingdom,1987,829894066.0,0.0
United Kingdom,1988,80251575.0,0.0
United Kingdom,1989,269229353.0,0.0
United Kingdom,1990,270402953.0,0.0
United Kingdom,1991,270595943.0,0.0
United Kingdom,1992,1055458482.0,0.0
United Kingdom,1993,407941751.0,0.0
United Kingdom,1994,297003626.0,0.0
United Kingdom,1995,385163028.0,0.0
United Kingdom,1996,934520515.0,0.0
United Kingdom,1997,734365792.0,0.0
United Kingdom,1998,703712023.0,0.0
United Kingdom,1999,847273116.0,0.0
United Kingdom,2000,725259608.0,0.0
United Kingdom,2001,687651442.0,0.0
United Kingdom,2002,650113998.0,0.0
United Kingdom,2003,838243526.0,0.0
United Kingdom,2004,879595860.0,0.0
United Kingdom,2005,822343669.0,0.0
United Kingdom,2006,800914880.0,0.0
United Kingdom,2007,1019400656.0,0.0
United Kingdom,2008,788164298.0,0.0
United Kingdom,2009,979674038.0,0.0
United Kingdom,2010,435982774.0,0.0
United Kingdom,2011,238230871.0,0.0
United Kingdom,2012,386497679.0,0.0
United Kingdom,2013,490448080.0,0.0
United States,1973,1553264205.0,0.0
United States,1974,871092243.0,0.0
United States,1975,944272511.0,0.0
United States,1976,897290248.0,0.0
United States,1977,246198361.0,0.0
United States,1978,438452911.0,0.0
United States,1979,717779582.0,0.0
United States,1980,6864224034.0,0.0
United States,1981,8124423748.0,0.0
United States,1982,3462490652.0,0.0
United States,1983,1091122225.0,0.0
United States,1984,2515278485.0,0.0
United States,1985,2735617446.0,0.0
United States,1986,1334668057.0,0.0
United States,1987,1846214071.0,0.0
United States,1988,1051167154.0,0.0
United States,1989,1065107732.0,0.0
United States,1990,1722305682.0,0.0
United States,1991,2887003516.0,0.0
United States,1992,11399278504.0,0.0
United States,1993,4501838784.0,0.0
United States,1994,8154319014.0,0.0
United States,1995,3392574370.0,0.0
United States,1996,4595800488.0,0.0
United States,1997,3423306503.0,0.0
United States,1998,2460766389.0,0.0
United States,1999,7962084321.0,0.0
United States,2000,6008166308.0,0.0
United States,2001,4136147099.0,0.0
United States,2002,4549559432.0,4920.0
United States,2003,1258474359.0,0.0
United States,2004,1328167876.0,0.0
United States,2005,1350566958.0,0.0
United States,2006,1935937419.0,0.0
United States,2007,1111447327.0,104519053.0
United States,2008,1715190276.0,1019.0
United States,2009,1695864746.0,0.0
United States,2010,1517053044.0,0.0
United States,2011,1158991620.0,0.0
United States,2012,1093496899.0,0.0
United States,2013,1059333467.0,0.0
