date,Power generation/renewable sources,Electrical transmission/ distribution,Rail transport,Water transport,"Energy generation and supply, combinations of activities",Road transport,Gas distribution,Water supply and sanitation - large systems,Fishery development,River development
1972-12-31,0,0,95792628,0,0,424695,0,2256348,0,9851407
1973-01-31,0,0,95792628,0,0,424695,0,2256348,0,9851407
1973-02-28,0,0,95792628,0,0,424695,0,2256348,0,9851407
1973-03-31,0,0,95792628,0,0,424695,0,2256348,0,9851407
1973-04-30,0,0,95792628,0,0,424695,0,2256348,0,9851407
1973-05-31,0,0,95792628,0,0,424695,0,2256348,0,9851407
1973-06-30,0,0,95792628,0,0,424695,0,2256348,0,9851407
1973-07-31,0,0,95792628,0,0,424695,0,2256348,0,9851407
1973-08-31,0,0,95792628,0,0,424695,0,2256348,0,9851407
1973-09-30,0,0,95792628,0,0,424695,0,2256348,0,9851407
1973-10-31,0,0,95792628,0,0,424695,0,2256348,0,9851407
1973-11-30,0,0,95792628,0,0,424695,0,2256348,0,9851407
1973-12-31,124861445,0,42563758,7230311,0,106966027,0,0,0,210634245
1974-01-31,124861445,0,42563758,7230311,0,106966027,0,0,0,210634245
1974-02-28,124861445,0,42563758,7230311,0,106966027,0,0,0,210634245
1974-03-31,124861445,0,42563758,7230311,0,106966027,0,0,0,210634245
1974-04-30,124861445,0,42563758,7230311,0,106966027,0,0,0,210634245
1974-05-31,124861445,0,42563758,7230311,0,106966027,0,0,0,210634245
1974-06-30,124861445,0,42563758,7230311,0,106966027,0,0,0,210634245
1974-07-31,124861445,0,42563758,7230311,0,106966027,0,0,0,210634245
1974-08-31,124861445,0,42563758,7230311,0,106966027,0,0,0,210634245
1974-09-30,124861445,0,42563758,7230311,0,106966027,0,0,0,210634245
1974-10-31,124861445,0,42563758,7230311,0,106966027,0,0,0,210634245
1974-11-30,124861445,0,42563758,7230311,0,106966027,0,0,0,210634245
1974-12-31,0,0,60080677,17733444,0,123493720,0,0,0,0
1975-01-31,0,0,60080677,17733444,0,123493720,0,0,0,0
1975-02-28,0,0,60080677,17733444,0,123493720,0,0,0,0
1975-03-31,0,0,60080677,17733444,0,123493720,0,0,0,0
1975-04-30,0,0,60080677,17733444,0,123493720,0,0,0,0
1975-05-31,0,0,60080677,17733444,0,123493720,0,0,0,0
1975-06-30,0,0,60080677,17733444,0,123493720,0,0,0,0
1975-07-31,0,0,60080677,17733444,0,123493720,0,0,0,0
1975-08-31,0,0,60080677,17733444,0,123493720,0,0,0,0
1975-09-30,0,0,60080677,17733444,0,123493720,0,0,0,0
1975-10-31,0,0,60080677,17733444,0,123493720,0,0,0,0
1975-11-30,0,0,60080677,17733444,0,123493720,0,0,0,0
1975-12-31,258500419,12905925,65859994,286401381,0,0,0,101006,0,0
1976-01-31,258500419,12905925,65859994,286401381,0,0,0,101006,0,0
1976-02-29,258500419,12905925,65859994,286401381,0,0,0,101006,0,0
1976-03-31,258500419,12905925,65859994,286401381,0,0,0,101006,0,0
1976-04-30,258500419,12905925,65859994,286401381,0,0,0,101006,0,0
1976-05-31,258500419,12905925,65859994,286401381,0,0,0,101006,0,0
1976-06-30,258500419,12905925,65859994,286401381,0,0,0,101006,0,0
1976-07-31,258500419,12905925,65859994,286401381,0,0,0,101006,0,0
1976-08-31,258500419,12905925,65859994,286401381,0,0,0,101006,0,0
1976-09-30,258500419,12905925,65859994,286401381,0,0,0,101006,0,0
1976-10-31,258500419,12905925,65859994,286401381,0,0,0,101006,0,0
1976-11-30,258500419,12905925,65859994,286401381,0,0,0,101006,0,0
1976-12-31,348718518,428943220,0,113099770,72911163,96693186,0,31486327,13791364,135473301
1977-01-31,348718518,428943220,0,113099770,72911163,96693186,0,31486327,13791364,135473301
1977-02-28,348718518,428943220,0,113099770,72911163,96693186,0,31486327,13791364,135473301
1977-03-31,348718518,428943220,0,113099770,72911163,96693186,0,31486327,13791364,135473301
1977-04-30,348718518,428943220,0,113099770,72911163,96693186,0,31486327,13791364,135473301
1977-05-31,348718518,428943220,0,113099770,72911163,96693186,0,31486327,13791364,135473301
1977-06-30,348718518,428943220,0,113099770,72911163,96693186,0,31486327,13791364,135473301
1977-07-31,348718518,428943220,0,113099770,72911163,96693186,0,31486327,13791364,135473301
1977-08-31,348718518,428943220,0,113099770,72911163,96693186,0,31486327,13791364,135473301
1977-09-30,348718518,428943220,0,113099770,72911163,96693186,0,31486327,13791364,135473301
1977-10-31,348718518,428943220,0,113099770,72911163,96693186,0,31486327,13791364,135473301
1977-11-30,348718518,428943220,0,113099770,72911163,96693186,0,31486327,13791364,135473301
1977-12-31,105991262,60803780,0,206924611,103885863,230527038,0,26344804,11587284,192030450
1978-01-31,105991262,60803780,0,206924611,103885863,230527038,0,26344804,11587284,192030450
1978-02-28,105991262,60803780,0,206924611,103885863,230527038,0,26344804,11587284,192030450
1978-03-31,105991262,60803780,0,206924611,103885863,230527038,0,26344804,11587284,192030450
1978-04-30,105991262,60803780,0,206924611,103885863,230527038,0,26344804,11587284,192030450
1978-05-31,105991262,60803780,0,206924611,103885863,230527038,0,26344804,11587284,192030450
1978-06-30,105991262,60803780,0,206924611,103885863,230527038,0,26344804,11587284,192030450
1978-07-31,105991262,60803780,0,206924611,103885863,230527038,0,26344804,11587284,192030450
1978-08-31,105991262,60803780,0,206924611,103885863,230527038,0,26344804,11587284,192030450
1978-09-30,105991262,60803780,0,206924611,103885863,230527038,0,26344804,11587284,192030450
1978-10-31,105991262,60803780,0,206924611,103885863,230527038,0,26344804,11587284,192030450
1978-11-30,105991262,60803780,0,206924611,103885863,230527038,0,26344804,11587284,192030450
1978-12-31,0,167824485,57275683,55318408,59307807,90213444,0,51741958,12049695,0
1979-01-31,0,167824485,57275683,55318408,59307807,90213444,0,51741958,12049695,0
1979-02-28,0,167824485,57275683,55318408,59307807,90213444,0,51741958,12049695,0
1979-03-31,0,167824485,57275683,55318408,59307807,90213444,0,51741958,12049695,0
1979-04-30,0,167824485,57275683,55318408,59307807,90213444,0,51741958,12049695,0
1979-05-31,0,167824485,57275683,55318408,59307807,90213444,0,51741958,12049695,0
1979-06-30,0,167824485,57275683,55318408,59307807,90213444,0,51741958,12049695,0
1979-07-31,0,167824485,57275683,55318408,59307807,90213444,0,51741958,12049695,0
1979-08-31,0,167824485,57275683,55318408,59307807,90213444,0,51741958,12049695,0
1979-09-30,0,167824485,57275683,55318408,59307807,90213444,0,51741958,12049695,0
1979-10-31,0,167824485,57275683,55318408,59307807,90213444,0,51741958,12049695,0
1979-11-30,0,167824485,57275683,55318408,59307807,90213444,0,51741958,12049695,0
1979-12-31,110811408,219782974,21776984,101916042,0,184490941,16584427,136725340,2371128,180426040
1980-01-31,110811408,219782974,21776984,101916042,0,184490941,16584427,136725340,2371128,180426040
1980-02-29,110811408,219782974,21776984,101916042,0,184490941,16584427,136725340,2371128,180426040
1980-03-31,110811408,219782974,21776984,101916042,0,184490941,16584427,136725340,2371128,180426040
1980-04-30,110811408,219782974,21776984,101916042,0,184490941,16584427,136725340,2371128,180426040
1980-05-31,110811408,219782974,21776984,101916042,0,184490941,16584427,136725340,2371128,180426040
1980-06-30,110811408,219782974,21776984,101916042,0,184490941,16584427,136725340,2371128,180426040
1980-07-31,110811408,219782974,21776984,101916042,0,184490941,16584427,136725340,2371128,180426040
1980-08-31,110811408,219782974,21776984,101916042,0,184490941,16584427,136725340,2371128,180426040
1980-09-30,110811408,219782974,21776984,101916042,0,184490941,16584427,136725340,2371128,180426040
1980-10-31,110811408,219782974,21776984,101916042,0,184490941,16584427,136725340,2371128,180426040
1980-11-30,110811408,219782974,21776984,101916042,0,184490941,16584427,136725340,2371128,180426040
1980-12-31,240636248,93435632,230395196,528975257,0,72962599,0,80637432,65944086,12563499
1981-01-31,240636248,93435632,230395196,528975257,0,72962599,0,80637432,65944086,12563499
1981-02-28,240636248,93435632,230395196,528975257,0,72962599,0,80637432,65944086,12563499
1981-03-31,240636248,93435632,230395196,528975257,0,72962599,0,80637432,65944086,12563499
1981-04-30,240636248,93435632,230395196,528975257,0,72962599,0,80637432,65944086,12563499
1981-05-31,240636248,93435632,230395196,528975257,0,72962599,0,80637432,65944086,12563499
1981-06-30,240636248,93435632,230395196,528975257,0,72962599,0,80637432,65944086,12563499
1981-07-31,240636248,93435632,230395196,528975257,0,72962599,0,80637432,65944086,12563499
1981-08-31,240636248,93435632,230395196,528975257,0,72962599,0,80637432,65944086,12563499
1981-09-30,240636248,93435632,230395196,528975257,0,72962599,0,80637432,65944086,12563499
1981-10-31,240636248,93435632,230395196,528975257,0,72962599,0,80637432,65944086,12563499
1981-11-30,240636248,93435632,230395196,528975257,0,72962599,0,80637432,65944086,12563499
1981-12-31,484434111,28131576,302371098,539899550,0,0,11967718,13763587,540992,0
1982-01-31,484434111,28131576,302371098,539899550,0,0,11967718,13763587,540992,0
1982-02-28,484434111,28131576,302371098,539899550,0,0,11967718,13763587,540992,0
1982-03-31,484434111,28131576,302371098,539899550,0,0,11967718,13763587,540992,0
1982-04-30,484434111,28131576,302371098,539899550,0,0,11967718,13763587,540992,0
1982-05-31,484434111,28131576,302371098,539899550,0,0,11967718,13763587,540992,0
1982-06-30,484434111,28131576,302371098,539899550,0,0,11967718,13763587,540992,0
1982-07-31,484434111,28131576,302371098,539899550,0,0,11967718,13763587,540992,0
1982-08-31,484434111,28131576,302371098,539899550,0,0,11967718,13763587,540992,0
1982-09-30,484434111,28131576,302371098,539899550,0,0,11967718,13763587,540992,0
1982-10-31,484434111,28131576,302371098,539899550,0,0,11967718,13763587,540992,0
1982-11-30,484434111,28131576,302371098,539899550,0,0,11967718,13763587,540992,0
1982-12-31,25073823,15377339,441780960,82480284,0,231009890,140418696,192056445,63024251,246061918
1983-01-31,25073823,15377339,441780960,82480284,0,231009890,140418696,192056445,63024251,246061918
1983-02-28,25073823,15377339,441780960,82480284,0,231009890,140418696,192056445,63024251,246061918
1983-03-31,25073823,15377339,441780960,82480284,0,231009890,140418696,192056445,63024251,246061918
1983-04-30,25073823,15377339,441780960,82480284,0,231009890,140418696,192056445,63024251,246061918
1983-05-31,25073823,15377339,441780960,82480284,0,231009890,140418696,192056445,63024251,246061918
1983-06-30,25073823,15377339,441780960,82480284,0,231009890,140418696,192056445,63024251,246061918
1983-07-31,25073823,15377339,441780960,82480284,0,231009890,140418696,192056445,63024251,246061918
1983-08-31,25073823,15377339,441780960,82480284,0,231009890,140418696,192056445,63024251,246061918
1983-09-30,25073823,15377339,441780960,82480284,0,231009890,140418696,192056445,63024251,246061918
1983-10-31,25073823,15377339,441780960,82480284,0,231009890,140418696,192056445,63024251,246061918
1983-11-30,25073823,15377339,441780960,82480284,0,231009890,140418696,192056445,63024251,246061918
1983-12-31,479805457,118979652,475235242,268770210,0,565630,15675745,278663483,22043987,158696437
1984-01-31,479805457,118979652,475235242,268770210,0,565630,15675745,278663483,22043987,158696437
1984-02-29,479805457,118979652,475235242,268770210,0,565630,15675745,278663483,22043987,158696437
1984-03-31,479805457,118979652,475235242,268770210,0,565630,15675745,278663483,22043987,158696437
1984-04-30,479805457,118979652,475235242,268770210,0,565630,15675745,278663483,22043987,158696437
1984-05-31,479805457,118979652,475235242,268770210,0,565630,15675745,278663483,22043987,158696437
1984-06-30,479805457,118979652,475235242,268770210,0,565630,15675745,278663483,22043987,158696437
1984-07-31,479805457,118979652,475235242,268770210,0,565630,15675745,278663483,22043987,158696437
1984-08-31,479805457,118979652,475235242,268770210,0,565630,15675745,278663483,22043987,158696437
1984-09-30,479805457,118979652,475235242,268770210,0,565630,15675745,278663483,22043987,158696437
1984-10-31,479805457,118979652,475235242,268770210,0,565630,15675745,278663483,22043987,158696437
1984-11-30,479805457,118979652,475235242,268770210,0,565630,15675745,278663483,22043987,158696437
1984-12-31,53703140,0,134596484,353650264,128074768,5234590,0,235252446,18911321,0
1985-01-31,53703140,0,134596484,353650264,128074768,5234590,0,235252446,18911321,0
1985-02-28,53703140,0,134596484,353650264,128074768,5234590,0,235252446,18911321,0
1985-03-31,53703140,0,134596484,353650264,128074768,5234590,0,235252446,18911321,0
1985-04-30,53703140,0,134596484,353650264,128074768,5234590,0,235252446,18911321,0
1985-05-31,53703140,0,134596484,353650264,128074768,5234590,0,235252446,18911321,0
1985-06-30,53703140,0,134596484,353650264,128074768,5234590,0,235252446,18911321,0
1985-07-31,53703140,0,134596484,353650264,128074768,5234590,0,235252446,18911321,0
1985-08-31,53703140,0,134596484,353650264,128074768,5234590,0,235252446,18911321,0
1985-09-30,53703140,0,134596484,353650264,128074768,5234590,0,235252446,18911321,0
1985-10-31,53703140,0,134596484,353650264,128074768,5234590,0,235252446,18911321,0
1985-11-30,53703140,0,134596484,353650264,128074768,5234590,0,235252446,18911321,0
1985-12-31,164769263,73796088,34843304,244667701,0,30606432,0,348040177,3249983,12247207
1986-01-31,164769263,73796088,34843304,244667701,0,30606432,0,348040177,3249983,12247207
1986-02-28,164769263,73796088,34843304,244667701,0,30606432,0,348040177,3249983,12247207
1986-03-31,164769263,73796088,34843304,244667701,0,30606432,0,348040177,3249983,12247207
1986-04-30,164769263,73796088,34843304,244667701,0,30606432,0,348040177,3249983,12247207
1986-05-31,164769263,73796088,34843304,244667701,0,30606432,0,348040177,3249983,12247207
1986-06-30,164769263,73796088,34843304,244667701,0,30606432,0,348040177,3249983,12247207
1986-07-31,164769263,73796088,34843304,244667701,0,30606432,0,348040177,3249983,12247207
1986-08-31,164769263,73796088,34843304,244667701,0,30606432,0,348040177,3249983,12247207
1986-09-30,164769263,73796088,34843304,244667701,0,30606432,0,348040177,3249983,12247207
1986-10-31,164769263,73796088,34843304,244667701,0,30606432,0,348040177,3249983,12247207
1986-11-30,164769263,73796088,34843304,244667701,0,30606432,0,348040177,3249983,12247207
1986-12-31,107755657,85897691,85117635,338107630,0,64150629,0,180976903,17538512,1648944
1987-01-31,107755657,85897691,85117635,338107630,0,64150629,0,180976903,17538512,1648944
1987-02-28,107755657,85897691,85117635,338107630,0,64150629,0,180976903,17538512,1648944
1987-03-31,107755657,85897691,85117635,338107630,0,64150629,0,180976903,17538512,1648944
1987-04-30,107755657,85897691,85117635,338107630,0,64150629,0,180976903,17538512,1648944
1987-05-31,107755657,85897691,85117635,338107630,0,64150629,0,180976903,17538512,1648944
1987-06-30,107755657,85897691,85117635,338107630,0,64150629,0,180976903,17538512,1648944
1987-07-31,107755657,85897691,85117635,338107630,0,64150629,0,180976903,17538512,1648944
1987-08-31,107755657,85897691,85117635,338107630,0,64150629,0,180976903,17538512,1648944
1987-09-30,107755657,85897691,85117635,338107630,0,64150629,0,180976903,17538512,1648944
1987-10-31,107755657,85897691,85117635,338107630,0,64150629,0,180976903,17538512,1648944
1987-11-30,107755657,85897691,85117635,338107630,0,64150629,0,180976903,17538512,1648944
1987-12-31,0,0,107365899,66229290,0,114242115,9137956,90219004,58329728,55551604
1988-01-31,0,0,107365899,66229290,0,114242115,9137956,90219004,58329728,55551604
1988-02-29,0,0,107365899,66229290,0,114242115,9137956,90219004,58329728,55551604
1988-03-31,0,0,107365899,66229290,0,114242115,9137956,90219004,58329728,55551604
1988-04-30,0,0,107365899,66229290,0,114242115,9137956,90219004,58329728,55551604
1988-05-31,0,0,107365899,66229290,0,114242115,9137956,90219004,58329728,55551604
1988-06-30,0,0,107365899,66229290,0,114242115,9137956,90219004,58329728,55551604
1988-07-31,0,0,107365899,66229290,0,114242115,9137956,90219004,58329728,55551604
1988-08-31,0,0,107365899,66229290,0,114242115,9137956,90219004,58329728,55551604
1988-09-30,0,0,107365899,66229290,0,114242115,9137956,90219004,58329728,55551604
1988-10-31,0,0,107365899,66229290,0,114242115,9137956,90219004,58329728,55551604
1988-11-30,0,0,107365899,66229290,0,114242115,9137956,90219004,58329728,55551604
1988-12-31,910336207,293457,73959565,293085064,0,11751717,0,60952188,69907570,0
1989-01-31,910336207,293457,73959565,293085064,0,11751717,0,60952188,69907570,0
1989-02-28,910336207,293457,73959565,293085064,0,11751717,0,60952188,69907570,0
1989-03-31,910336207,293457,73959565,293085064,0,11751717,0,60952188,69907570,0
1989-04-30,910336207,293457,73959565,293085064,0,11751717,0,60952188,69907570,0
1989-05-31,910336207,293457,73959565,293085064,0,11751717,0,60952188,69907570,0
1989-06-30,910336207,293457,73959565,293085064,0,11751717,0,60952188,69907570,0
1989-07-31,910336207,293457,73959565,293085064,0,11751717,0,60952188,69907570,0
1989-08-31,910336207,293457,73959565,293085064,0,11751717,0,60952188,69907570,0
1989-09-30,910336207,293457,73959565,293085064,0,11751717,0,60952188,69907570,0
1989-10-31,910336207,293457,73959565,293085064,0,11751717,0,60952188,69907570,0
1989-11-30,910336207,293457,73959565,293085064,0,11751717,0,60952188,69907570,0
1989-12-31,7572945,72223995,938279048,144622275,0,605054823,38014182,7141208,3169761,394744
1990-01-31,7572945,72223995,938279048,144622275,0,605054823,38014182,7141208,3169761,394744
1990-02-28,7572945,72223995,938279048,144622275,0,605054823,38014182,7141208,3169761,394744
1990-03-31,7572945,72223995,938279048,144622275,0,605054823,38014182,7141208,3169761,394744
1990-04-30,7572945,72223995,938279048,144622275,0,605054823,38014182,7141208,3169761,394744
1990-05-31,7572945,72223995,938279048,144622275,0,605054823,38014182,7141208,3169761,394744
1990-06-30,7572945,72223995,938279048,144622275,0,605054823,38014182,7141208,3169761,394744
1990-07-31,7572945,72223995,938279048,144622275,0,605054823,38014182,7141208,3169761,394744
1990-08-31,7572945,72223995,938279048,144622275,0,605054823,38014182,7141208,3169761,394744
1990-09-30,7572945,72223995,938279048,144622275,0,605054823,38014182,7141208,3169761,394744
1990-10-31,7572945,72223995,938279048,144622275,0,605054823,38014182,7141208,3169761,394744
1990-11-30,7572945,72223995,938279048,144622275,0,605054823,38014182,7141208,3169761,394744
1990-12-31,66239728,3768379,185736779,347618410,0,371109121,0,11163286,1273805,1006844
1991-01-31,66239728,3768379,185736779,347618410,0,371109121,0,11163286,1273805,1006844
1991-02-28,66239728,3768379,185736779,347618410,0,371109121,0,11163286,1273805,1006844
1991-03-31,66239728,3768379,185736779,347618410,0,371109121,0,11163286,1273805,1006844
1991-04-30,66239728,3768379,185736779,347618410,0,371109121,0,11163286,1273805,1006844
1991-05-31,66239728,3768379,185736779,347618410,0,371109121,0,11163286,1273805,1006844
1991-06-30,66239728,3768379,185736779,347618410,0,371109121,0,11163286,1273805,1006844
1991-07-31,66239728,3768379,185736779,347618410,0,371109121,0,11163286,1273805,1006844
1991-08-31,66239728,3768379,185736779,347618410,0,371109121,0,11163286,1273805,1006844
1991-09-30,66239728,3768379,185736779,347618410,0,371109121,0,11163286,1273805,1006844
1991-10-31,66239728,3768379,185736779,347618410,0,371109121,0,11163286,1273805,1006844
1991-11-30,66239728,3768379,185736779,347618410,0,371109121,0,11163286,1273805,1006844
1991-12-31,44999636,43198879,90394219,35717019,0,57513660,1721851,16478151,4808384,926799
1992-01-31,44999636,43198879,90394219,35717019,0,57513660,1721851,16478151,4808384,926799
1992-02-29,44999636,43198879,90394219,35717019,0,57513660,1721851,16478151,4808384,926799
1992-03-31,44999636,43198879,90394219,35717019,0,57513660,1721851,16478151,4808384,926799
1992-04-30,44999636,43198879,90394219,35717019,0,57513660,1721851,16478151,4808384,926799
1992-05-31,44999636,43198879,90394219,35717019,0,57513660,1721851,16478151,4808384,926799
1992-06-30,44999636,43198879,90394219,35717019,0,57513660,1721851,16478151,4808384,926799
1992-07-31,44999636,43198879,90394219,35717019,0,57513660,1721851,16478151,4808384,926799
1992-08-31,44999636,43198879,90394219,35717019,0,57513660,1721851,16478151,4808384,926799
1992-09-30,44999636,43198879,90394219,35717019,0,57513660,1721851,16478151,4808384,926799
1992-10-31,44999636,43198879,90394219,35717019,0,57513660,1721851,16478151,4808384,926799
1992-11-30,44999636,43198879,90394219,35717019,0,57513660,1721851,16478151,4808384,926799
1992-12-31,90780001,186503409,341385289,2282040,0,716677486,0,96024677,1744317,4064342
1993-01-31,90780001,186503409,341385289,2282040,0,716677486,0,96024677,1744317,4064342
1993-02-28,90780001,186503409,341385289,2282040,0,716677486,0,96024677,1744317,4064342
1993-03-31,90780001,186503409,341385289,2282040,0,716677486,0,96024677,1744317,4064342
1993-04-30,90780001,186503409,341385289,2282040,0,716677486,0,96024677,1744317,4064342
1993-05-31,90780001,186503409,341385289,2282040,0,716677486,0,96024677,1744317,4064342
1993-06-30,90780001,186503409,341385289,2282040,0,716677486,0,96024677,1744317,4064342
1993-07-31,90780001,186503409,341385289,2282040,0,716677486,0,96024677,1744317,4064342
1993-08-31,90780001,186503409,341385289,2282040,0,716677486,0,96024677,1744317,4064342
1993-09-30,90780001,186503409,341385289,2282040,0,716677486,0,96024677,1744317,4064342
1993-10-31,90780001,186503409,341385289,2282040,0,716677486,0,96024677,1744317,4064342
1993-11-30,90780001,186503409,341385289,2282040,0,716677486,0,96024677,1744317,4064342
1993-12-31,195628395,268819042,167636496,2415474,0,394593884,144902686,435159540,3534957,0
1994-01-31,195628395,268819042,167636496,2415474,0,394593884,144902686,435159540,3534957,0
1994-02-28,195628395,268819042,167636496,2415474,0,394593884,144902686,435159540,3534957,0
1994-03-31,195628395,268819042,167636496,2415474,0,394593884,144902686,435159540,3534957,0
1994-04-30,195628395,268819042,167636496,2415474,0,394593884,144902686,435159540,3534957,0
1994-05-31,195628395,268819042,167636496,2415474,0,394593884,144902686,435159540,3534957,0
1994-06-30,195628395,268819042,167636496,2415474,0,394593884,144902686,435159540,3534957,0
1994-07-31,195628395,268819042,167636496,2415474,0,394593884,144902686,435159540,3534957,0
1994-08-31,195628395,268819042,167636496,2415474,0,394593884,144902686,435159540,3534957,0
1994-09-30,195628395,268819042,167636496,2415474,0,394593884,144902686,435159540,3534957,0
1994-10-31,195628395,268819042,167636496,2415474,0,394593884,144902686,435159540,3534957,0
1994-11-30,195628395,268819042,167636496,2415474,0,394593884,144902686,435159540,3534957,0
1994-12-31,518374380,287042006,172767802,27412757,0,579313377,0,215643466,3588249,0
1995-01-31,518374380,287042006,172767802,27412757,0,579313377,0,215643466,3588249,0
1995-02-28,518374380,287042006,172767802,27412757,0,579313377,0,215643466,3588249,0
1995-03-31,518374380,287042006,172767802,27412757,0,579313377,0,215643466,3588249,0
1995-04-30,518374380,287042006,172767802,27412757,0,579313377,0,215643466,3588249,0
1995-05-31,518374380,287042006,172767802,27412757,0,579313377,0,215643466,3588249,0
1995-06-30,518374380,287042006,172767802,27412757,0,579313377,0,215643466,3588249,0
1995-07-31,518374380,287042006,172767802,27412757,0,579313377,0,215643466,3588249,0
1995-08-31,518374380,287042006,172767802,27412757,0,579313377,0,215643466,3588249,0
1995-09-30,518374380,287042006,172767802,27412757,0,579313377,0,215643466,3588249,0
1995-10-31,518374380,287042006,172767802,27412757,0,579313377,0,215643466,3588249,0
1995-11-30,518374380,287042006,172767802,27412757,0,579313377,0,215643466,3588249,0
1995-12-31,120338108,323898359,391229602,104995970,0,316727275,21381183,563487309,7233617,22114239
1996-01-31,120338108,323898359,391229602,104995970,0,316727275,21381183,563487309,7233617,22114239
1996-02-29,120338108,323898359,391229602,104995970,0,316727275,21381183,563487309,7233617,22114239
1996-03-31,120338108,323898359,391229602,104995970,0,316727275,21381183,563487309,7233617,22114239
1996-04-30,120338108,323898359,391229602,104995970,0,316727275,21381183,563487309,7233617,22114239
1996-05-31,120338108,323898359,391229602,104995970,0,316727275,21381183,563487309,7233617,22114239
1996-06-30,120338108,323898359,391229602,104995970,0,316727275,21381183,563487309,7233617,22114239
1996-07-31,120338108,323898359,391229602,104995970,0,316727275,21381183,563487309,7233617,22114239
1996-08-31,120338108,323898359,391229602,104995970,0,316727275,21381183,563487309,7233617,22114239
1996-09-30,120338108,323898359,391229602,104995970,0,316727275,21381183,563487309,7233617,22114239
1996-10-31,120338108,323898359,391229602,104995970,0,316727275,21381183,563487309,7233617,22114239
1996-11-30,120338108,323898359,391229602,104995970,0,316727275,21381183,563487309,7233617,22114239
1996-12-31,470215385,630223419,694798740,84987109,0,343379207,0,178490616,971138,1387
1997-01-31,470215385,630223419,694798740,84987109,0,343379207,0,178490616,971138,1387
1997-02-28,470215385,630223419,694798740,84987109,0,343379207,0,178490616,971138,1387
1997-03-31,470215385,630223419,694798740,84987109,0,343379207,0,178490616,971138,1387
1997-04-30,470215385,630223419,694798740,84987109,0,343379207,0,178490616,971138,1387
1997-05-31,470215385,630223419,694798740,84987109,0,343379207,0,178490616,971138,1387
1997-06-30,470215385,630223419,694798740,84987109,0,343379207,0,178490616,971138,1387
1997-07-31,470215385,630223419,694798740,84987109,0,343379207,0,178490616,971138,1387
1997-08-31,470215385,630223419,694798740,84987109,0,343379207,0,178490616,971138,1387
1997-09-30,470215385,630223419,694798740,84987109,0,343379207,0,178490616,971138,1387
1997-10-31,470215385,630223419,694798740,84987109,0,343379207,0,178490616,971138,1387
1997-11-30,470215385,630223419,694798740,84987109,0,343379207,0,178490616,971138,1387
1997-12-31,12774435,22595607,657668408,30675110,0,20304325,17233732,14028977,1260961,1045791
1998-01-31,12774435,22595607,657668408,30675110,0,20304325,17233732,14028977,1260961,1045791
1998-02-28,12774435,22595607,657668408,30675110,0,20304325,17233732,14028977,1260961,1045791
1998-03-31,12774435,22595607,657668408,30675110,0,20304325,17233732,14028977,1260961,1045791
1998-04-30,12774435,22595607,657668408,30675110,0,20304325,17233732,14028977,1260961,1045791
1998-05-31,12774435,22595607,657668408,30675110,0,20304325,17233732,14028977,1260961,1045791
1998-06-30,12774435,22595607,657668408,30675110,0,20304325,17233732,14028977,1260961,1045791
1998-07-31,12774435,22595607,657668408,30675110,0,20304325,17233732,14028977,1260961,1045791
1998-08-31,12774435,22595607,657668408,30675110,0,20304325,17233732,14028977,1260961,1045791
1998-09-30,12774435,22595607,657668408,30675110,0,20304325,17233732,14028977,1260961,1045791
1998-10-31,12774435,22595607,657668408,30675110,0,20304325,17233732,14028977,1260961,1045791
1998-11-30,12774435,22595607,657668408,30675110,0,20304325,17233732,14028977,1260961,1045791
1998-12-31,158385618,7818023,800042829,236328,0,119430871,0,136422390,11644950,1319857
1999-01-31,158385618,7818023,800042829,236328,0,119430871,0,136422390,11644950,1319857
1999-02-28,158385618,7818023,800042829,236328,0,119430871,0,136422390,11644950,1319857
1999-03-31,158385618,7818023,800042829,236328,0,119430871,0,136422390,11644950,1319857
1999-04-30,158385618,7818023,800042829,236328,0,119430871,0,136422390,11644950,1319857
1999-05-31,158385618,7818023,800042829,236328,0,119430871,0,136422390,11644950,1319857
1999-06-30,158385618,7818023,800042829,236328,0,119430871,0,136422390,11644950,1319857
1999-07-31,158385618,7818023,800042829,236328,0,119430871,0,136422390,11644950,1319857
1999-08-31,158385618,7818023,800042829,236328,0,119430871,0,136422390,11644950,1319857
1999-09-30,158385618,7818023,800042829,236328,0,119430871,0,136422390,11644950,1319857
1999-10-31,158385618,7818023,800042829,236328,0,119430871,0,136422390,11644950,1319857
1999-11-30,158385618,7818023,800042829,236328,0,119430871,0,136422390,11644950,1319857
1999-12-31,5131051,3574821,535115398,2195293,0,210601475,0,11707635,2660397,184626
2000-01-31,5131051,3574821,535115398,2195293,0,210601475,0,11707635,2660397,184626
2000-02-29,5131051,3574821,535115398,2195293,0,210601475,0,11707635,2660397,184626
2000-03-31,5131051,3574821,535115398,2195293,0,210601475,0,11707635,2660397,184626
2000-04-30,5131051,3574821,535115398,2195293,0,210601475,0,11707635,2660397,184626
2000-05-31,5131051,3574821,535115398,2195293,0,210601475,0,11707635,2660397,184626
2000-06-30,5131051,3574821,535115398,2195293,0,210601475,0,11707635,2660397,184626
2000-07-31,5131051,3574821,535115398,2195293,0,210601475,0,11707635,2660397,184626
2000-08-31,5131051,3574821,535115398,2195293,0,210601475,0,11707635,2660397,184626
2000-09-30,5131051,3574821,535115398,2195293,0,210601475,0,11707635,2660397,184626
2000-10-31,5131051,3574821,535115398,2195293,0,210601475,0,11707635,2660397,184626
2000-11-30,5131051,3574821,535115398,2195293,0,210601475,0,11707635,2660397,184626
2000-12-31,204411855,3036159,78742572,933354,0,48922395,29987,123389694,242076,486815
2001-01-31,204411855,3036159,78742572,933354,0,48922395,29987,123389694,242076,486815
2001-02-28,204411855,3036159,78742572,933354,0,48922395,29987,123389694,242076,486815
2001-03-31,204411855,3036159,78742572,933354,0,48922395,29987,123389694,242076,486815
2001-04-30,204411855,3036159,78742572,933354,0,48922395,29987,123389694,242076,486815
2001-05-31,204411855,3036159,78742572,933354,0,48922395,29987,123389694,242076,486815
2001-06-30,204411855,3036159,78742572,933354,0,48922395,29987,123389694,242076,486815
2001-07-31,204411855,3036159,78742572,933354,0,48922395,29987,123389694,242076,486815
2001-08-31,204411855,3036159,78742572,933354,0,48922395,29987,123389694,242076,486815
2001-09-30,204411855,3036159,78742572,933354,0,48922395,29987,123389694,242076,486815
2001-10-31,204411855,3036159,78742572,933354,0,48922395,29987,123389694,242076,486815
2001-11-30,204411855,3036159,78742572,933354,0,48922395,29987,123389694,242076,486815
2001-12-31,47637502,133424969,317903789,638670,0,700388,0,40238275,168724,779444
2002-01-31,47637502,133424969,317903789,638670,0,700388,0,40238275,168724,779444
2002-02-28,47637502,133424969,317903789,638670,0,700388,0,40238275,168724,779444
2002-03-31,47637502,133424969,317903789,638670,0,700388,0,40238275,168724,779444
2002-04-30,47637502,133424969,317903789,638670,0,700388,0,40238275,168724,779444
2002-05-31,47637502,133424969,317903789,638670,0,700388,0,40238275,168724,779444
2002-06-30,47637502,133424969,317903789,638670,0,700388,0,40238275,168724,779444
2002-07-31,47637502,133424969,317903789,638670,0,700388,0,40238275,168724,779444
2002-08-31,47637502,133424969,317903789,638670,0,700388,0,40238275,168724,779444
2002-09-30,47637502,133424969,317903789,638670,0,700388,0,40238275,168724,779444
2002-10-31,47637502,133424969,317903789,638670,0,700388,0,40238275,168724,779444
2002-11-30,47637502,133424969,317903789,638670,0,700388,0,40238275,168724,779444
2002-12-31,16126597,2360035,386716108,722438,0,658786,92669,163354758,2965177,347226
2003-01-31,16126597,2360035,386716108,722438,0,658786,92669,163354758,2965177,347226
2003-02-28,16126597,2360035,386716108,722438,0,658786,92669,163354758,2965177,347226
2003-03-31,16126597,2360035,386716108,722438,0,658786,92669,163354758,2965177,347226
2003-04-30,16126597,2360035,386716108,722438,0,658786,92669,163354758,2965177,347226
2003-05-31,16126597,2360035,386716108,722438,0,658786,92669,163354758,2965177,347226
2003-06-30,16126597,2360035,386716108,722438,0,658786,92669,163354758,2965177,347226
2003-07-31,16126597,2360035,386716108,722438,0,658786,92669,163354758,2965177,347226
2003-08-31,16126597,2360035,386716108,722438,0,658786,92669,163354758,2965177,347226
2003-09-30,16126597,2360035,386716108,722438,0,658786,92669,163354758,2965177,347226
2003-10-31,16126597,2360035,386716108,722438,0,658786,92669,163354758,2965177,347226
2003-11-30,16126597,2360035,386716108,722438,0,658786,92669,163354758,2965177,347226
2003-12-31,458289920,7262387,678991354,874497,0,1254765,915912,105962433,541969,4616903
2004-01-31,458289920,7262387,678991354,874497,0,1254765,915912,105962433,541969,4616903
2004-02-29,458289920,7262387,678991354,874497,0,1254765,915912,105962433,541969,4616903
2004-03-31,458289920,7262387,678991354,874497,0,1254765,915912,105962433,541969,4616903
2004-04-30,458289920,7262387,678991354,874497,0,1254765,915912,105962433,541969,4616903
2004-05-31,458289920,7262387,678991354,874497,0,1254765,915912,105962433,541969,4616903
2004-06-30,458289920,7262387,678991354,874497,0,1254765,915912,105962433,541969,4616903
2004-07-31,458289920,7262387,678991354,874497,0,1254765,915912,105962433,541969,4616903
2004-08-31,458289920,7262387,678991354,874497,0,1254765,915912,105962433,541969,4616903
2004-09-30,458289920,7262387,678991354,874497,0,1254765,915912,105962433,541969,4616903
2004-10-31,458289920,7262387,678991354,874497,0,1254765,915912,105962433,541969,4616903
2004-11-30,458289920,7262387,678991354,874497,0,1254765,915912,105962433,541969,4616903
2004-12-31,182849973,177276,223491419,1152452,0,866558,1994827,659202554,968547,182261
2005-01-31,182849973,177276,223491419,1152452,0,866558,1994827,659202554,968547,182261
2005-02-28,182849973,177276,223491419,1152452,0,866558,1994827,659202554,968547,182261
2005-03-31,182849973,177276,223491419,1152452,0,866558,1994827,659202554,968547,182261
2005-04-30,182849973,177276,223491419,1152452,0,866558,1994827,659202554,968547,182261
2005-05-31,182849973,177276,223491419,1152452,0,866558,1994827,659202554,968547,182261
2005-06-30,182849973,177276,223491419,1152452,0,866558,1994827,659202554,968547,182261
2005-07-31,182849973,177276,223491419,1152452,0,866558,1994827,659202554,968547,182261
2005-08-31,182849973,177276,223491419,1152452,0,866558,1994827,659202554,968547,182261
2005-09-30,182849973,177276,223491419,1152452,0,866558,1994827,659202554,968547,182261
2005-10-31,182849973,177276,223491419,1152452,0,866558,1994827,659202554,968547,182261
2005-11-30,182849973,177276,223491419,1152452,0,866558,1994827,659202554,968547,182261
2005-12-31,223553347,347125788,697248639,4245769,0,192870,549052,66565415,1204855,2851664
2006-01-31,223553347,347125788,697248639,4245769,0,192870,549052,66565415,1204855,2851664
2006-02-28,223553347,347125788,697248639,4245769,0,192870,549052,66565415,1204855,2851664
2006-03-31,223553347,347125788,697248639,4245769,0,192870,549052,66565415,1204855,2851664
2006-04-30,223553347,347125788,697248639,4245769,0,192870,549052,66565415,1204855,2851664
2006-05-31,223553347,347125788,697248639,4245769,0,192870,549052,66565415,1204855,2851664
2006-06-30,223553347,347125788,697248639,4245769,0,192870,549052,66565415,1204855,2851664
2006-07-31,223553347,347125788,697248639,4245769,0,192870,549052,66565415,1204855,2851664
2006-08-31,223553347,347125788,697248639,4245769,0,192870,549052,66565415,1204855,2851664
2006-09-30,223553347,347125788,697248639,4245769,0,192870,549052,66565415,1204855,2851664
2006-10-31,223553347,347125788,697248639,4245769,0,192870,549052,66565415,1204855,2851664
2006-11-30,223553347,347125788,697248639,4245769,0,192870,549052,66565415,1204855,2851664
2006-12-31,15479641,604859426,161756943,48783615,0,425882,736327,1258260936,3643504,173714
2007-01-31,15479641,604859426,161756943,48783615,0,425882,736327,1258260936,3643504,173714
2007-02-28,15479641,604859426,161756943,48783615,0,425882,736327,1258260936,3643504,173714
2007-03-31,15479641,604859426,161756943,48783615,0,425882,736327,1258260936,3643504,173714
2007-04-30,15479641,604859426,161756943,48783615,0,425882,736327,1258260936,3643504,173714
2007-05-31,15479641,604859426,161756943,48783615,0,425882,736327,1258260936,3643504,173714
2007-06-30,15479641,604859426,161756943,48783615,0,425882,736327,1258260936,3643504,173714
2007-07-31,15479641,604859426,161756943,48783615,0,425882,736327,1258260936,3643504,173714
2007-08-31,15479641,604859426,161756943,48783615,0,425882,736327,1258260936,3643504,173714
2007-09-30,15479641,604859426,161756943,48783615,0,425882,736327,1258260936,3643504,173714
2007-10-31,15479641,604859426,161756943,48783615,0,425882,736327,1258260936,3643504,173714
2007-11-30,15479641,604859426,161756943,48783615,0,425882,736327,1258260936,3643504,173714
2007-12-31,181083150,321561290,1945744781,60934,3578306,1002943970,1318,2929684,425059,187093
2008-01-31,181083150,321561290,1945744781,60934,3578306,1002943970,1318,2929684,425059,187093
2008-02-29,181083150,321561290,1945744781,60934,3578306,1002943970,1318,2929684,425059,187093
2008-03-31,181083150,321561290,1945744781,60934,3578306,1002943970,1318,2929684,425059,187093
2008-04-30,181083150,321561290,1945744781,60934,3578306,1002943970,1318,2929684,425059,187093
2008-05-31,181083150,321561290,1945744781,60934,3578306,1002943970,1318,2929684,425059,187093
2008-06-30,181083150,321561290,1945744781,60934,3578306,1002943970,1318,2929684,425059,187093
2008-07-31,181083150,321561290,1945744781,60934,3578306,1002943970,1318,2929684,425059,187093
2008-08-31,181083150,321561290,1945744781,60934,3578306,1002943970,1318,2929684,425059,187093
2008-09-30,181083150,321561290,1945744781,60934,3578306,1002943970,1318,2929684,425059,187093
2008-10-31,181083150,321561290,1945744781,60934,3578306,1002943970,1318,2929684,425059,187093
2008-11-30,181083150,321561290,1945744781,60934,3578306,1002943970,1318,2929684,425059,187093
2008-12-31,242645248,101455838,1726078347,25508636,0,1729209,0,19190650,554189,37960970
2009-01-31,242645248,101455838,1726078347,25508636,0,1729209,0,19190650,554189,37960970
2009-02-28,242645248,101455838,1726078347,25508636,0,1729209,0,19190650,554189,37960970
2009-03-31,242645248,101455838,1726078347,25508636,0,1729209,0,19190650,554189,37960970
2009-04-30,242645248,101455838,1726078347,25508636,0,1729209,0,19190650,554189,37960970
2009-05-31,242645248,101455838,1726078347,25508636,0,1729209,0,19190650,554189,37960970
2009-06-30,242645248,101455838,1726078347,25508636,0,1729209,0,19190650,554189,37960970
2009-07-31,242645248,101455838,1726078347,25508636,0,1729209,0,19190650,554189,37960970
2009-08-31,242645248,101455838,1726078347,25508636,0,1729209,0,19190650,554189,37960970
2009-09-30,242645248,101455838,1726078347,25508636,0,1729209,0,19190650,554189,37960970
2009-10-31,242645248,101455838,1726078347,25508636,0,1729209,0,19190650,554189,37960970
2009-11-30,242645248,101455838,1726078347,25508636,0,1729209,0,19190650,554189,37960970
2009-12-31,178425707,0,2769998813,947239,3008056,100504528,0,1379271,2199064,231955
2010-01-31,178425707,0,2769998813,947239,3008056,100504528,0,1379271,2199064,231955
2010-02-28,178425707,0,2769998813,947239,3008056,100504528,0,1379271,2199064,231955
2010-03-31,178425707,0,2769998813,947239,3008056,100504528,0,1379271,2199064,231955
2010-04-30,178425707,0,2769998813,947239,3008056,100504528,0,1379271,2199064,231955
2010-05-31,178425707,0,2769998813,947239,3008056,100504528,0,1379271,2199064,231955
2010-06-30,178425707,0,2769998813,947239,3008056,100504528,0,1379271,2199064,231955
2010-07-31,178425707,0,2769998813,947239,3008056,100504528,0,1379271,2199064,231955
2010-08-31,178425707,0,2769998813,947239,3008056,100504528,0,1379271,2199064,231955
2010-09-30,178425707,0,2769998813,947239,3008056,100504528,0,1379271,2199064,231955
2010-10-31,178425707,0,2769998813,947239,3008056,100504528,0,1379271,2199064,231955
2010-11-30,178425707,0,2769998813,947239,3008056,100504528,0,1379271,2199064,231955
2010-12-31,1036425472,474897025,436777967,956695,437146,3752113,0,148363024,953138,543836
2011-01-31,1036425472,474897025,436777967,956695,437146,3752113,0,148363024,953138,543836
2011-02-28,1036425472,474897025,436777967,956695,437146,3752113,0,148363024,953138,543836
2011-03-31,1036425472,474897025,436777967,956695,437146,3752113,0,148363024,953138,543836
2011-04-30,1036425472,474897025,436777967,956695,437146,3752113,0,148363024,953138,543836
2011-05-31,1036425472,474897025,436777967,956695,437146,3752113,0,148363024,953138,543836
2011-06-30,1036425472,474897025,436777967,956695,437146,3752113,0,148363024,953138,543836
2011-07-31,1036425472,474897025,436777967,956695,437146,3752113,0,148363024,953138,543836
2011-08-31,1036425472,474897025,436777967,956695,437146,3752113,0,148363024,953138,543836
2011-09-30,1036425472,474897025,436777967,956695,437146,3752113,0,148363024,953138,543836
2011-10-31,1036425472,474897025,436777967,956695,437146,3752113,0,148363024,953138,543836
2011-11-30,1036425472,474897025,436777967,956695,437146,3752113,0,148363024,953138,543836
2011-12-31,389711520,859477387,1619976788,222128,4674667,273422,0,756181890,301987,112586
2012-01-31,389711520,859477387,1619976788,222128,4674667,273422,0,756181890,301987,112586
2012-02-29,389711520,859477387,1619976788,222128,4674667,273422,0,756181890,301987,112586
2012-03-31,389711520,859477387,1619976788,222128,4674667,273422,0,756181890,301987,112586
2012-04-30,389711520,859477387,1619976788,222128,4674667,273422,0,756181890,301987,112586
2012-05-31,389711520,859477387,1619976788,222128,4674667,273422,0,756181890,301987,112586
2012-06-30,389711520,859477387,1619976788,222128,4674667,273422,0,756181890,301987,112586
2012-07-31,389711520,859477387,1619976788,222128,4674667,273422,0,756181890,301987,112586
2012-08-31,389711520,859477387,1619976788,222128,4674667,273422,0,756181890,301987,112586
2012-09-30,389711520,859477387,1619976788,222128,4674667,273422,0,756181890,301987,112586
2012-10-31,389711520,859477387,1619976788,222128,4674667,273422,0,756181890,301987,112586
2012-11-30,389711520,859477387,1619976788,222128,4674667,273422,0,756181890,301987,112586
2012-12-31,336238470,23400501,2251372351,131332,0,189110161,0,148222619,829070,657544
2013-01-31,336238470,23400501,2251372351,131332,0,189110161,0,148222619,829070,657544
2013-02-28,336238470,23400501,2251372351,131332,0,189110161,0,148222619,829070,657544
2013-03-31,336238470,23400501,2251372351,131332,0,189110161,0,148222619,829070,657544
2013-04-30,336238470,23400501,2251372351,131332,0,189110161,0,148222619,829070,657544
2013-05-31,336238470,23400501,2251372351,131332,0,189110161,0,148222619,829070,657544
2013-06-30,336238470,23400501,2251372351,131332,0,189110161,0,148222619,829070,657544
2013-07-31,336238470,23400501,2251372351,131332,0,189110161,0,148222619,829070,657544
2013-08-31,336238470,23400501,2251372351,131332,0,189110161,0,148222619,829070,657544
2013-09-30,336238470,23400501,2251372351,131332,0,189110161,0,148222619,829070,657544
2013-10-31,336238470,23400501,2251372351,131332,0,189110161,0,148222619,829070,657544
2013-11-30,336238470,23400501,2251372351,131332,0,189110161,0,148222619,829070,657544